id_produit,titre,titre_complet,categorie,sous_categorie,prix,devise,prix_texte,lien,image_url,disponible
462627330,VESTE REMBOURRÉE 100% PLUMES DÉPERLANTE,"VESTE REMBOURRÉE 100% PLUMES DÉPERLANTE

+4

$ 219,00",Vêtements,Vestes et Manteaux,219.0,CAD,"$ 219,00",https://www.zara.com/ca/fr/veste-rembourree-100-plumes-deperlante-p03411510.html,https://static.zara.net/assets/public/e154/3a98/71884ddeadce/7699a8e0b01a/03411510800-e1/03411510800-e1.jpg?ts=1758101829074&w=327,True
456207827,SWEAT À CAPUCHE BASIQUE,"SWEAT À CAPUCHE BASIQUE

+7

$ 59,90",Vêtements,Hauts,59.9,CAD,"$ 59,90",https://www.zara.com/ca/fr/sweat-a-capuche-basique-p00761370.html,https://static.zara.net/assets/public/0363/18a9/60e149328a0b/634299cd4403/00761370800-000-e1/00761370800-000-e1.jpg?ts=1754985838610&w=327,True
455907506,VESTE DE COSTUME CONFORT,"VESTE DE COSTUME CONFORT

+3

$ 149,00",Vêtements,Vestes et Manteaux,149.0,CAD,"$ 149,00",https://www.zara.com/ca/fr/veste-de-costume-confort-p01564300.html,https://static.zara.net/assets/public/d626/4ac1/8edb4f75a864/554ce189f5f9/04336999800-e1/04336999800-e1.jpg?ts=1753719375994&w=327,True
471102513,PANTALON COUPE DÉCONTRACTÉE À PLIS,"PANTALON COUPE DÉCONTRACTÉE À PLIS

+3

$ 79,90",Vêtements,Pantalons,79.9,CAD,"$ 79,90",https://www.zara.com/ca/fr/pantalon-coupe-decontractee-a-plis-p00706950.html,https://static.zara.net/assets/public/9cce/c681/3dee48b48083/54de5a3c155e/00706950802-e1/00706950802-e1.jpg?ts=1755591761067&w=327,True
458120098,SWEAT COL ZIPPÉ BASIQUE,"SWEAT COL ZIPPÉ BASIQUE

+5

$ 65,90",Vêtements,Hauts,65.9,CAD,"$ 65,90",https://www.zara.com/ca/fr/sweat-col-zippe-basique-p00761311.html,https://static.zara.net/assets/public/8734/5394/72214c0f9ed8/47f054512dc0/00761311800-000-e1/00761311800-000-e1.jpg?ts=1754985838205&w=327,True
492933985,DOUDOUNE SANS MANCHES 100 % PLUMES,"DOUDOUNE SANS MANCHES 100 % PLUMES
$ 129,00",Vêtements,Vestes et Manteaux,129.0,CAD,"$ 129,00",https://www.zara.com/ca/fr/doudoune-sans-manches-100%C2%A0-plumes-p03411910.html,https://static.zara.net/assets/public/882f/dadf/b8ca4527acd1/10649dba8e8f/03411910800-e1/03411910800-e1.jpg?ts=1759747304555&w=327,True
462627327,VESTE MATELASSÉE 100% PLUMES DÉPERLANTE,"VESTE MATELASSÉE 100% PLUMES DÉPERLANTE

+4

$ 219,00",Vêtements,Vestes et Manteaux,219.0,CAD,"$ 219,00",https://www.zara.com/ca/fr/veste-matelassee-100-plumes-deperlante-p03411510.html,https://static.zara.net/assets/public/916e/b70a/da084e84bc14/19b8a0a4e502/03411510446-e1/03411510446-e1.jpg?ts=1759143782434&w=327,True
477250156,MANTEAU CROISÉ AVEC LAINE,"MANTEAU CROISÉ AVEC LAINE
$ 269,00",Vêtements,Vestes et Manteaux,269.0,CAD,"$ 269,00",https://www.zara.com/ca/fr/manteau-croise-avec-laine-p05854304.html,https://static.zara.net/assets/public/4ebb/e827/87da431d911b/d7c4b04d678d/05854304803-e1/05854304803-e1.jpg?ts=1760611400965&w=327,True
480539358,BLAZER DE COSTUME AVEC LAINE,"BLAZER DE COSTUME AVEC LAINE
$ 199,00",Vêtements,Vestes et Manteaux,199.0,CAD,"$ 199,00",https://www.zara.com/ca/fr/blazer-de-costume-avec-laine-p05746557.html,https://static.zara.net/stdstatic/7.12.1/images/transparent-background.png,True
463515966,PANTALON DE JOGGING COUPE AMPLE,"PANTALON DE JOGGING COUPE AMPLE

+4

$ 55,90",Vêtements,Pantalons,55.9,CAD,"$ 55,90",https://www.zara.com/ca/fr/pantalon-de-jogging-coupe-ample-p00761440.html,https://static.zara.net/stdstatic/7.12.1/images/transparent-background.png,True
461890050,SWEAT POLO COL CONTRASTÉ,"SWEAT POLO COL CONTRASTÉ

+5

$ 65,90",Vêtements,Hauts,65.9,CAD,"$ 65,90",https://www.zara.com/ca/fr/sweat-polo-col-contraste-p00526310.html,https://static.zara.net/stdstatic/7.12.1/images/transparent-background.png,True
464664816,BLOUSON EN MATIÈRE SYNTHÈTIQUE,"BLOUSON EN MATIÈRE SYNTHÈTIQUE

+1

$ 129,00",Vêtements,Vestes et Manteaux,129.0,CAD,"$ 129,00",https://www.zara.com/ca/fr/blouson-en-matiere-synthetique-p00155150.html,https://static.zara.net/stdstatic/7.12.1/images/transparent-background.png,True
479639276,JEAN FLARE FIT,"JEAN FLARE FIT

+4

$ 79,90",Vêtements,Pantalons,79.9,CAD,"$ 79,90",https://www.zara.com/ca/fr/jean-flare-fit-p00840353.html,https://static.zara.net/stdstatic/7.12.1/images/transparent-background.png,True
452739722,BLOUSON BOMBER MATIÈRE SYNTHÉTIQUE,"BLOUSON BOMBER MATIÈRE SYNTHÉTIQUE

+1

$ 89,90",Vêtements,Vestes et Manteaux,89.9,CAD,"$ 89,90",https://www.zara.com/ca/fr/blouson-bomber-matiere-synthetique-p04027400.html,https://static.zara.net/stdstatic/7.12.1/images/transparent-background.png,True
452708250,JEAN BAGGY FIT,"JEAN BAGGY FIT

+5

$ 69,90",Vêtements,Pantalons,69.9,CAD,"$ 69,90",https://www.zara.com/ca/fr/jean-baggy-fit-p04048400.html,https://static.zara.net/stdstatic/7.12.1/images/transparent-background.png,True
466337581,MANTEAU CROISÉ AVEC LAINE ET CEINTURE,"MANTEAU CROISÉ AVEC LAINE ET CEINTURE

+1

$ 199,00",Accessoires,Ceintures,199.0,CAD,"$ 199,00",https://www.zara.com/ca/fr/manteau-croise-avec-laine-et-ceinture-p02949150.html,https://static.zara.net/stdstatic/7.12.1/images/transparent-background.png,True
459402715,PULL STRUCTURÉ CHENILLE,"PULL STRUCTURÉ CHENILLE

+2

$ 65,90",Vêtements,Hauts,65.9,CAD,"$ 65,90",https://www.zara.com/ca/fr/pull-structure-chenille-p05755320.html,https://static.zara.net/stdstatic/7.12.1/images/transparent-background.png,True
467675730,PULL EN MAILLE PERLÉE,"PULL EN MAILLE PERLÉE

+5

$ 65,90",Vêtements,Hauts,65.9,CAD,"$ 65,90",https://www.zara.com/ca/fr/pull-en-maille-perlee-p03284331.html,https://static.zara.net/stdstatic/7.12.1/images/transparent-background.png,True
456841377,DOUDOUNE SANS MANCHES MATELASSÉE REGULAR FIT,"DOUDOUNE SANS MANCHES MATELASSÉE REGULAR FIT

+1

$ 69,90",Vêtements,Vestes et Manteaux,69.9,CAD,"$ 69,90",https://www.zara.com/ca/fr/doudoune-sans-manches-matelassee-regular-fit-p00029440.html,https://static.zara.net/stdstatic/7.12.1/images/transparent-background.png,True
455907518,PANTALON DE COSTUME CONFORT,"PANTALON DE COSTUME CONFORT

+3

$ 69,90",Vêtements,Pantalons,69.9,CAD,"$ 69,90",https://www.zara.com/ca/fr/pantalon-de-costume-confort-p01564301.html,https://static.zara.net/stdstatic/7.12.1/images/transparent-background.png,True
480462933,VESTE EN CUIR À POCHES,"VESTE EN CUIR À POCHES

+1

$ 269,00",Vêtements,Vestes et Manteaux,269.0,CAD,"$ 269,00",https://www.zara.com/ca/fr/veste-en-cuir-a-poches-p05388205.html,https://static.zara.net/stdstatic/7.12.1/images/transparent-background.png,True
471875259,VESTE REMBOURRÉE BOXY FIT DÉPERLANTE,"VESTE REMBOURRÉE BOXY FIT DÉPERLANTE

+1

$ 129,00",Vêtements,Vestes et Manteaux,129.0,CAD,"$ 129,00",https://www.zara.com/ca/fr/veste-rembourree-boxy-fit-deperlante-p00732312.html,https://static.zara.net/stdstatic/7.12.1/images/transparent-background.png,True
462389367,JEAN COUPE DÉCONTRACTÉE,"JEAN COUPE DÉCONTRACTÉE
$ 99,90",Vêtements,Pantalons,99.9,CAD,"$ 99,90",https://www.zara.com/ca/fr/jean-coupe-decontractee-p03991395.html,https://static.zara.net/stdstatic/7.12.1/images/transparent-background.png,True
461108854,POLO EN MAILLE LAINE - CACHEMIRE,"POLO EN MAILLE LAINE - CACHEMIRE

+2

$ 79,90",Vêtements,Hauts,79.9,CAD,"$ 79,90",https://www.zara.com/ca/fr/polo-en-maille-laine---cachemire-p02893321.html,https://static.zara.net/stdstatic/7.12.1/images/transparent-background.png,True
452717416,PULL EN MAILLE PERLÉE ZIPPÉ,"PULL EN MAILLE PERLÉE ZIPPÉ

+2

$ 79,90",Vêtements,Hauts,79.9,CAD,"$ 79,90",https://www.zara.com/ca/fr/pull-en-maille-perlee-zippe-p03332300.html,https://static.zara.net/stdstatic/7.12.1/images/transparent-background.png,True
458848076,VESTE MATELASSÉE LÉGÈRE DÉPERLANTE,"VESTE MATELASSÉE LÉGÈRE DÉPERLANTE

+1

$ 89,90",Vêtements,Vestes et Manteaux,89.9,CAD,"$ 89,90",https://www.zara.com/ca/fr/veste-matelassee-legere-deperlante-p04302208.html,https://static.zara.net/stdstatic/7.12.1/images/transparent-background.png,True
471303211,VESTE REMBOURRÉE À CAPUCHE,"VESTE REMBOURRÉE À CAPUCHE
$ 149,00",Vêtements,Vestes et Manteaux,149.0,CAD,"$ 149,00",https://www.zara.com/ca/fr/veste-rembourree-a-capuche-p06985400.html,https://static.zara.net/stdstatic/7.12.1/images/transparent-background.png,True
463356413,BLOUSON BOMBER BIMATIÈRE,"BLOUSON BOMBER BIMATIÈRE

+1

$ 149,00",Vêtements,Vestes et Manteaux,149.0,CAD,"$ 149,00",https://www.zara.com/ca/fr/blouson-bomber-bimatiere-p05070321.html,https://static.zara.net/stdstatic/7.12.1/images/transparent-background.png,True
479082549,BLOUSON EFFET FOURRURE À CAPUCHE,"BLOUSON EFFET FOURRURE À CAPUCHE

+1

$ 149,00",Vêtements,Vestes et Manteaux,149.0,CAD,"$ 149,00",https://www.zara.com/ca/fr/blouson-effet-fourrure-a-capuche-p00993700.html,https://static.zara.net/stdstatic/7.12.1/images/transparent-background.png,True
477256754,BLAZER CUIR,"BLAZER CUIR
$ 219,00",Vêtements,Vestes et Manteaux,219.0,CAD,"$ 219,00",https://www.zara.com/ca/fr/blazer-cuir-p05388240.html,https://static.zara.net/stdstatic/7.12.1/images/transparent-background.png,True
472162294,TRENCH OVERSIZE AVEC LAINE,"TRENCH OVERSIZE AVEC LAINE
$ 219,00",Vêtements,Vestes et Manteaux,219.0,CAD,"$ 219,00",https://www.zara.com/ca/fr/trench-oversize-avec-laine-p08281551.html,https://static.zara.net/stdstatic/7.12.1/images/transparent-background.png,True
463145156,VESTE DE MOTARD EN CUIR,"VESTE DE MOTARD EN CUIR
$ 219,00",Vêtements,Vestes et Manteaux,219.0,CAD,"$ 219,00",https://www.zara.com/ca/fr/veste-de-motard-en-cuir-p05388700.html,https://static.zara.net/stdstatic/7.12.1/images/transparent-background.png,True
463860742,MANTEAU COL AMOVIBLE,"MANTEAU COL AMOVIBLE
$ 219,00",Vêtements,Vestes et Manteaux,219.0,CAD,"$ 219,00",https://www.zara.com/ca/fr/manteau-col-amovible-p05827373.html,https://static.zara.net/stdstatic/7.12.1/images/transparent-background.png,True
464761162,JEAN SUPER BAGGY FIT,"JEAN SUPER BAGGY FIT

+3

$ 69,90",Vêtements,Pantalons,69.9,CAD,"$ 69,90",https://www.zara.com/ca/fr/jean-super-baggy-fit-p04806330.html,https://static.zara.net/stdstatic/7.12.1/images/transparent-background.png,True
477327168,VESTE EN DENIM MATELASSÉE,"VESTE EN DENIM MATELASSÉE
$ 99,90",Vêtements,Vestes et Manteaux,99.9,CAD,"$ 99,90",https://www.zara.com/ca/fr/veste-en-denim-matelassee-p06987361.html,https://static.zara.net/stdstatic/7.12.1/images/transparent-background.png,True
462544782,VESTE MATELASSÉE COUPE RELAXED FIT,"VESTE MATELASSÉE COUPE RELAXED FIT
$ 99,90",Vêtements,Vestes et Manteaux,99.9,CAD,"$ 99,90",https://www.zara.com/ca/fr/veste-matelassee-coupe-relaxed-fit-p03918415.html,https://static.zara.net/stdstatic/7.12.1/images/transparent-background.png,True
458766470,VESTE DE MOTARD MATIÈRE SYNTHÉTIQUE,"VESTE DE MOTARD MATIÈRE SYNTHÉTIQUE
$ 99,90",Vêtements,Vestes et Manteaux,99.9,CAD,"$ 99,90",https://www.zara.com/ca/fr/veste-de-motard-matiere-synthetique-p08491420.html,https://static.zara.net/stdstatic/7.12.1/images/transparent-background.png,True
463744834,CARDIGAN EN MAILLE PERLÉE,"CARDIGAN EN MAILLE PERLÉE
$ 79,90",Vêtements,Hauts,79.9,CAD,"$ 79,90",https://www.zara.com/ca/fr/cardigan-en-maille-perlee-p05755329.html,https://static.zara.net/stdstatic/7.12.1/images/transparent-background.png,True
462992707,PANTALON COUPE DÉCONTRACTÉE PLIS,"PANTALON COUPE DÉCONTRACTÉE PLIS
$ 79,90",Vêtements,Pantalons,79.9,CAD,"$ 79,90",https://www.zara.com/ca/fr/pantalon-coupe-decontractee-plis-p06861338.html,https://static.zara.net/stdstatic/7.12.1/images/transparent-background.png,True
463253446,JEAN BALLOON FIT COUTURE RETOURNÉE,"JEAN BALLOON FIT COUTURE RETOURNÉE
$ 79,90",Vêtements,Pantalons,79.9,CAD,"$ 79,90",https://www.zara.com/ca/fr/jean-balloon-fit-couture-retournee-p06045321.html,https://static.zara.net/stdstatic/7.12.1/images/transparent-background.png,True
465261208,PANTALON FLUIDE PLIS,"PANTALON FLUIDE PLIS

+2

$ 79,90",Vêtements,Pantalons,79.9,CAD,"$ 79,90",https://www.zara.com/ca/fr/pantalon-fluide-plis-p00706662.html,https://static.zara.net/stdstatic/7.12.1/images/transparent-background.png,True
480539361,PANTALON DE COSTUME AVEC LAINE,"PANTALON DE COSTUME AVEC LAINE
$ 79,90",Vêtements,Pantalons,79.9,CAD,"$ 79,90",https://www.zara.com/ca/fr/pantalon-de-costume-avec-laine-p05747557.html,https://static.zara.net/stdstatic/7.12.1/images/transparent-background.png,True
468341622,MOCASSINS EN CUIR À MASQUE,"MOCASSINS EN CUIR À MASQUE
$ 99,90",Chaussures,Mocassins,99.9,CAD,"$ 99,90",https://www.zara.com/ca/fr/mocassins-en-cuir-a-masque-p12666620.html,https://static.zara.net/stdstatic/7.12.1/images/transparent-background.png,True
478425924,BLOUSON BOMBER MATELASSÉ CHAMPION ® X ZARA,"BLOUSON BOMBER MATELASSÉ CHAMPION ® X ZARA
$ 199,00",Vêtements,Vestes et Manteaux,199.0,CAD,"$ 199,00",https://www.zara.com/ca/fr/blouson-bomber-matelasse-champion---x-zara-p03833999.html,https://static.zara.net/stdstatic/7.12.1/images/transparent-background.png,True
463335277,VESTE REMBOURRÉE LONGUE,"VESTE REMBOURRÉE LONGUE
$ 199,00",Vêtements,Vestes et Manteaux,199.0,CAD,"$ 199,00",https://www.zara.com/ca/fr/veste-rembourree-longue-p03918315.html,https://static.zara.net/stdstatic/7.12.1/images/transparent-background.png,True
477327167,VESTE COURTE COUPE AJUSTÉE AVEC BRANDEBOURGS MÉTALLIQUES,"VESTE COURTE COUPE AJUSTÉE AVEC BRANDEBOURGS MÉTALLIQUES
$ 129,00",Vêtements,Vestes et Manteaux,129.0,CAD,"$ 129,00",https://www.zara.com/ca/fr/veste-courte-coupe-ajustee-avec-brandebourgs-metalliques-p06987368.html,https://static.zara.net/stdstatic/7.12.1/images/transparent-background.png,True
470557954,BLOUSON BOMBER EN MAILLE 100 % LAINE,"BLOUSON BOMBER EN MAILLE 100 % LAINE
$ 129,00",Vêtements,Vestes et Manteaux,129.0,CAD,"$ 129,00",https://www.zara.com/ca/fr/blouson-bomber-en-maille-100-laine-p03920099.html,https://static.zara.net/stdstatic/7.12.1/images/transparent-background.png,True
482714537,MANTEAU CROISÉ MÉLANGE LAINE MANTECO ®,"MANTEAU CROISÉ MÉLANGE LAINE MANTECO ®
$ 369,00",Vêtements,Vestes et Manteaux,369.0,CAD,"$ 369,00",https://www.zara.com/ca/fr/manteau-croise-melange-laine-manteco---p05958523.html,https://static.zara.net/stdstatic/7.12.1/images/transparent-background.png,True
456144058,BLOUSON MATIÈRE SYNTHÈTIQUE AVEC EFFET FOURRURE À CONTRASTE ÉDITION LIMITÉE,"BLOUSON MATIÈRE SYNTHÈTIQUE AVEC EFFET FOURRURE À CONTRASTE ÉDITION LIMITÉE
$ 369,00",Vêtements,Vestes et Manteaux,369.0,CAD,"$ 369,00",https://www.zara.com/ca/fr/blouson-matiere-synthetique-avec-effet-fourrure-a-contraste-edition-limitee-p00248700.html,https://static.zara.net/stdstatic/7.12.1/images/transparent-background.png,True
473010855,BLOUSON EN CUIR EFFET VINTAGE ÉDITION LIMITÉE,"BLOUSON EN CUIR EFFET VINTAGE ÉDITION LIMITÉE
$ 369,00",Vêtements,Vestes et Manteaux,369.0,CAD,"$ 369,00",https://www.zara.com/ca/fr/blouson-en-cuir-effet-vintage-edition-limitee-p05479305.html,https://static.zara.net/stdstatic/7.12.1/images/transparent-background.png,True
452744603,T-SHIRT HEAVYWEIGHT BASIQUE,"T-SHIRT HEAVYWEIGHT BASIQUE

+5

$ 32,90",Vêtements,T-shirts,32.9,CAD,"$ 32,90",https://www.zara.com/ca/fr/t-shirt-heavyweight-basique-p01887455.html,https://static.zara.net/stdstatic/7.12.1/images/transparent-background.png,True
464539152,PULL 100% LAINE À CAPUCHE,"PULL 100% LAINE À CAPUCHE
$ 89,90",Vêtements,Hauts,89.9,CAD,"$ 89,90",https://www.zara.com/ca/fr/pull-100-laine-a-capuche-p06674330.html,https://static.zara.net/stdstatic/7.12.1/images/transparent-background.png,True
452717806,"MAN NAVY BLACK + ZARA MAN 800 BLACK EDT 2 X 90 ML (3,0 FL. OZ)","MAN NAVY BLACK + ZARA MAN 800 BLACK EDT 2 X 90 ML (3,0 FL. OZ)
$ 39,90",Parfums,Eau de toilette,39.9,CAD,"$ 39,90",https://www.zara.com/ca/fr/man-navy-black-zara-man-800-black-edt-2-x-90%C2%A0ml--3-0-fl--oz--p20210838.html,https://static.zara.net/stdstatic/7.12.1/images/transparent-background.png,True
455947735,SWEAT DÉLAVÉ ZIPPÉ À CAPUCHE,"SWEAT DÉLAVÉ ZIPPÉ À CAPUCHE

+2

$ 69,90",Vêtements,Hauts,69.9,CAD,"$ 69,90",https://www.zara.com/ca/fr/sweat-delave-zippe-a-capuche-p03443334.html,https://static.zara.net/stdstatic/7.12.1/images/transparent-background.png,True
452701726,JEAN STRAIGHT FIT,"JEAN STRAIGHT FIT

+4

$ 69,90",Vêtements,Pantalons,69.9,CAD,"$ 69,90",https://www.zara.com/ca/fr/jean-straight-fit-p08062410.html,https://static.zara.net/stdstatic/7.12.1/images/transparent-background.png,True
473424054,MOCASSINS EN CROÛTE DE CUIR LIMITED EDITION,"MOCASSINS EN CROÛTE DE CUIR LIMITED EDITION
$ 169,00",Chaussures,Mocassins,169.0,CAD,"$ 169,00",https://www.zara.com/ca/fr/mocassins-en-croute-de-cuir-limited-edition-p12678620.html,https://static.zara.net/stdstatic/7.12.1/images/transparent-background.png,True
452723352,CHEMISE COUPE SLIM,"CHEMISE COUPE SLIM

+4

$ 65,90",Vêtements,Chemises,65.9,CAD,"$ 65,90",https://www.zara.com/ca/fr/chemise-coupe-slim-p04408147.html,https://static.zara.net/stdstatic/7.12.1/images/transparent-background.png,True
468058583,PANTALON SLIM FIT CONFORT,"PANTALON SLIM FIT CONFORT

+6

$ 65,90",Vêtements,Pantalons,65.9,CAD,"$ 65,90",https://www.zara.com/ca/fr/pantalon-slim-fit-confort-p06861441.html,https://static.zara.net/stdstatic/7.12.1/images/transparent-background.png,True
466372841,CHEMISE À IMPRIMÉ ANIMALIER,"CHEMISE À IMPRIMÉ ANIMALIER
$ 65,90",Vêtements,Chemises,65.9,CAD,"$ 65,90",https://www.zara.com/ca/fr/chemise-a-imprime-animalier-p06085286.html,https://static.zara.net/stdstatic/7.12.1/images/transparent-background.png,True
463515944,PANTALON 100 % LIN PLIS,"PANTALON 100 % LIN PLIS

+2

$ 79,90",Vêtements,Pantalons,79.9,CAD,"$ 79,90",https://www.zara.com/ca/fr/pantalon-100%C2%A0-lin-plis-p04410234.html,https://static.zara.net/stdstatic/7.12.1/images/transparent-background.png,True
458809317,PULL EN COTON - CACHEMIRE,"PULL EN COTON - CACHEMIRE
$ 79,90",Vêtements,Hauts,79.9,CAD,"$ 79,90",https://www.zara.com/ca/fr/pull-en-coton---cachemire-p03920199.html,https://static.zara.net/stdstatic/7.12.1/images/transparent-background.png,True
452712938,PANTALON 100 % LIN,"PANTALON 100 % LIN

+4

$ 79,90",Vêtements,Pantalons,79.9,CAD,"$ 79,90",https://www.zara.com/ca/fr/pantalon-100%C2%A0-lin-p04410010.html,https://static.zara.net/stdstatic/7.12.1/images/transparent-background.png,True
483037455,VESTE EN LAINE ET CACHEMIRE MANTECO ®,"VESTE EN LAINE ET CACHEMIRE MANTECO ®

+1

$ 319,00",Vêtements,Vestes et Manteaux,319.0,CAD,"$ 319,00",https://www.zara.com/ca/fr/veste-en-laine-et-cachemire-manteco---p05963520.html,https://static.zara.net/stdstatic/7.12.1/images/transparent-background.png,True
473174220,MANTEAU LÉGER 100 % LAINE,"MANTEAU LÉGER 100 % LAINE
$ 319,00",Vêtements,Vestes et Manteaux,319.0,CAD,"$ 319,00",https://www.zara.com/ca/fr/manteau-leger-100%C2%A0-laine-p05779512.html,https://static.zara.net/stdstatic/7.12.1/images/transparent-background.png,True
461085436,BLOUSON BOMBER TECHNIQUE,"BLOUSON BOMBER TECHNIQUE
$ 99,90",Vêtements,Vestes et Manteaux,99.9,CAD,"$ 99,90",https://www.zara.com/ca/fr/blouson-bomber-technique-p03918501.html,https://static.zara.net/assets/public/e50f/1d4d/31b846b4a3a1/0cc84d8e9c14/03918501401-e1/03918501401-e1.jpg?ts=1757335260365&w=327,True
488745548,PANTALON DE COSTUME 100 % LAINE,"PANTALON DE COSTUME 100 % LAINE

+1

$ 99,90",Vêtements,Pantalons,99.9,CAD,"$ 99,90",https://www.zara.com/ca/fr/pantalon-de-costume-100%C2%A0-laine-p06574381.html,https://static.zara.net/assets/public/8bf7/b05e/b7df42b6b7f1/654e4cd1668c/06548381800-e1/06548381800-e1.jpg?ts=1757585133768&w=327,True
464375425,VESTE À CARREAUX ET CAPUCHE,"VESTE À CARREAUX ET CAPUCHE
$ 99,90",Vêtements,Vestes et Manteaux,99.9,CAD,"$ 99,90",https://www.zara.com/ca/fr/veste-a-carreaux-et-capuche-p08281460.html,https://static.zara.net/assets/public/01e6/28d2/6af9443c8c61/273a06f85403/08281460609-e1/08281460609-e1.jpg?ts=1758193449638&w=327,True
463674566,BOTTES COW-BOY POINTUES,"BOTTES COW-BOY POINTUES
$ 99,90",Chaussures,Bottes,99.9,CAD,"$ 99,90",https://www.zara.com/ca/fr/bottes-cow-boy-pointues-p12040620.html,https://static.zara.net/assets/public/a0c3/376f/160f43b69983/6de238306be3/12040620800-e1/12040620800-e1.jpg?ts=1757599096479&w=327,True
458855102,VESTE EN DRAP FERMETURE ÉCLAIR,"VESTE EN DRAP FERMETURE ÉCLAIR

+2

$ 99,90",Vêtements,Vestes et Manteaux,99.9,CAD,"$ 99,90",https://www.zara.com/ca/fr/veste-en-drap-fermeture-eclair-p03286200.html,https://static.zara.net/assets/public/6a11/3a43/15af4b3aa791/bf624b9f424b/03286200401-e1/03286200401-e1.jpg?ts=1755761986558&w=327,True
483285645,PANTALON CARGO EN DENIM À POCHES,"PANTALON CARGO EN DENIM À POCHES

+2

$ 99,90",Vêtements,Pantalons,99.9,CAD,"$ 99,90",https://www.zara.com/ca/fr/pantalon-cargo-en-denim-a-poches-p08062351.html,https://static.zara.net/assets/public/fac2/1551/35cf435194d2/b22eaa1454d3/08062351700-e1/08062351700-e1.jpg?ts=1758787763049&w=327,True
452723080,CHAUSSURE EN CUIR CHIC,"CHAUSSURE EN CUIR CHIC
$ 99,90",Chaussures,Chaussures habillées,99.9,CAD,"$ 99,90",https://www.zara.com/ca/fr/chaussure-en-cuir-chic-p12419520.html,https://static.zara.net/assets/public/1e4c/b73d/85ff4c678f92/9e134633889a/12419520800-e1/12419520800-e1.jpg?ts=1735219315884&w=327,True
479590901,MANTEAU MÉLANGE LAINE STRUCTURÉ,"MANTEAU MÉLANGE LAINE STRUCTURÉ
$ 299,00",Vêtements,Vestes et Manteaux,299.0,CAD,"$ 299,00",https://www.zara.com/ca/fr/manteau-melange-laine-structure-p06612675.html,https://static.zara.net/assets/public/627b/2de1/12284c36ac0e/1c45f6187916/06612675800-e1/06612675800-e1.jpg?ts=1759748864997&w=327,True
479714656,BLOUSON EN MATIÈRE SYNTHÈTIQUE GRAVÉ,"BLOUSON EN MATIÈRE SYNTHÈTIQUE GRAVÉ
$ 149,00",Vêtements,Vestes et Manteaux,149.0,CAD,"$ 149,00",https://www.zara.com/ca/fr/blouson-en-matiere-synthetique-grave-p00155365.html,https://static.zara.net/assets/public/18e3/8d1f/b1de4cf7993d/97a2ac642235/00155365700-e1/00155365700-e1.jpg?ts=1759746708634&w=327,True
455907545,BLAZER DE COSTUME SLIM FIT,"BLAZER DE COSTUME SLIM FIT

+3

$ 149,00",Vêtements,Vestes et Manteaux,149.0,CAD,"$ 149,00",https://www.zara.com/ca/fr/blazer-de-costume-slim-fit-p04425254.html,https://static.zara.net/assets/public/dafc/95c6/fd0945459140/3397f135665a/04425909081-e1/04425909081-e1.jpg?ts=1753719377080&w=327,True
459999659,BLOUSON BOMBER RÉVERSIBLE EN MATIÈRE SYNTHÉTIQUE,"BLOUSON BOMBER RÉVERSIBLE EN MATIÈRE SYNTHÉTIQUE
$ 149,00",Vêtements,Vestes et Manteaux,149.0,CAD,"$ 149,00",https://www.zara.com/ca/fr/blouson-bomber-reversible-en-matiere-synthetique-p00993401.html,https://static.zara.net/assets/public/a01c/7acd/aa6b403fbec9/eeeb5bec4a41/00993401801-e1/00993401801-e1.jpg?ts=1756720753775&w=327,True
463674565,VESTE EFFET CIRÉ CONTRASTE,"VESTE EFFET CIRÉ CONTRASTE
$ 149,00",Vêtements,Vestes et Manteaux,149.0,CAD,"$ 149,00",https://www.zara.com/ca/fr/veste-effet-cire-contraste-p01437325.html,https://static.zara.net/assets/public/d5fc/82b1/a43a42f58bbb/78125dd080ed/01437325700-e1/01437325700-e1.jpg?ts=1756811792072&w=327,True
470193547,MANTEAU REGULAR FIT AVEC LAINE,"MANTEAU REGULAR FIT AVEC LAINE

+3

$ 149,00",Vêtements,Vestes et Manteaux,149.0,CAD,"$ 149,00",https://www.zara.com/ca/fr/manteau-regular-fit-avec-laine-p05070100.html,https://static.zara.net/stdstatic/7.12.1/images/transparent-background.png,True
478958105,PANTALON REGULAR FIT EN VELOURS CÔTELÉ,"PANTALON REGULAR FIT EN VELOURS CÔTELÉ

+3

$ 69,90",Vêtements,Pantalons,69.9,CAD,"$ 69,90",https://www.zara.com/ca/fr/pantalon-regular-fit-en-velours-cotele-p04391440.html,https://static.zara.net/stdstatic/7.12.1/images/transparent-background.png,True
477256740,MANTEAU STRUCTURÉ À CHEVRONS AVEC LAINE,"MANTEAU STRUCTURÉ À CHEVRONS AVEC LAINE
$ 269,00",Vêtements,Vestes et Manteaux,269.0,CAD,"$ 269,00",https://www.zara.com/ca/fr/manteau-structure-a-chevrons-avec-laine-p05070250.html,https://static.zara.net/stdstatic/7.12.1/images/transparent-background.png,True
476352546,SURCHEMISE LAINE POCHES,"SURCHEMISE LAINE POCHES

+1

$ 269,00",Vêtements,Chemises,269.0,CAD,"$ 269,00",https://www.zara.com/ca/fr/surchemise-laine-poches-p08491306.html,https://static.zara.net/stdstatic/7.12.1/images/transparent-background.png,True
476648360,SURCHEMISE EN CUIR DAIM,"SURCHEMISE EN CUIR DAIM
$ 269,00",Vêtements,Chemises,269.0,CAD,"$ 269,00",https://www.zara.com/ca/fr/surchemise-en-cuir-daim-p08281132.html,https://static.zara.net/stdstatic/7.12.1/images/transparent-background.png,True
472054655,TRENCH DÉPERLANT MANTECO,"TRENCH DÉPERLANT MANTECO
$ 269,00",Vêtements,Vestes et Manteaux,269.0,CAD,"$ 269,00",https://www.zara.com/ca/fr/trench-deperlant-manteco-p05774500.html,https://static.zara.net/stdstatic/7.12.1/images/transparent-background.png,True
452713436,PULL STRUCTURÉ DOUX,"PULL STRUCTURÉ DOUX

+3

$ 65,90",Vêtements,Hauts,65.9,CAD,"$ 65,90",https://www.zara.com/ca/fr/pull-structure-doux-p05755325.html,https://static.zara.net/stdstatic/7.12.1/images/transparent-background.png,True
463515974,SWEAT À IMPRIMÉ COMBINÉ,"SWEAT À IMPRIMÉ COMBINÉ

+1

$ 65,90",Vêtements,Hauts,65.9,CAD,"$ 65,90",https://www.zara.com/ca/fr/sweat-a-imprime-combine-p09144307.html,https://static.zara.net/stdstatic/7.12.1/images/transparent-background.png,True
452739720,POLO EN MAILLE DOUCE,"POLO EN MAILLE DOUCE

+4

$ 65,90",Vêtements,Hauts,65.9,CAD,"$ 65,90",https://www.zara.com/ca/fr/polo-en-maille-douce-p05536320.html,https://static.zara.net/stdstatic/7.12.1/images/transparent-background.png,True
470562864,POLO EN MAILLE CHENILLE,"POLO EN MAILLE CHENILLE

+1

$ 65,90",Vêtements,Hauts,65.9,CAD,"$ 65,90",https://www.zara.com/ca/fr/polo-en-maille-chenille-p04938341.html,https://static.zara.net/stdstatic/7.12.1/images/transparent-background.png,True
452734933,CHEMISE ÉLASTIQUE TEXTURÉE,"CHEMISE ÉLASTIQUE TEXTURÉE

+3

$ 65,90",Vêtements,Chemises,65.9,CAD,"$ 65,90",https://www.zara.com/ca/fr/chemise-elastique-texturee-p04047476.html,https://static.zara.net/stdstatic/7.12.1/images/transparent-background.png,True
463515871,CHEMISE EN DENIM COULEUR,"CHEMISE EN DENIM COULEUR

+1

$ 65,90",Vêtements,Chemises,65.9,CAD,"$ 65,90",https://www.zara.com/ca/fr/chemise-en-denim-couleur-p06987325.html,https://static.zara.net/stdstatic/7.12.1/images/transparent-background.png,True
479094939,PULL STRUCTURÉ COTON - LAINE,"PULL STRUCTURÉ COTON - LAINE

+2

$ 129,00",Vêtements,Hauts,129.0,CAD,"$ 129,00",https://www.zara.com/ca/fr/pull-structure-coton---laine-p06674345.html,https://static.zara.net/stdstatic/7.12.1/images/transparent-background.png,True
460001213,BLOUSON BOMBER RÉVERSIBLE EFFET FOURRURE,"BLOUSON BOMBER RÉVERSIBLE EFFET FOURRURE
$ 129,00",Vêtements,Vestes et Manteaux,129.0,CAD,"$ 129,00",https://www.zara.com/ca/fr/blouson-bomber-reversible-effet-fourrure-p00993400.html,https://static.zara.net/stdstatic/7.12.1/images/transparent-background.png,True
465580347,VESTE COUPE DÉCONTRACTÉE EN MATIÈRE SYNTHÉTIQUE,"VESTE COUPE DÉCONTRACTÉE EN MATIÈRE SYNTHÉTIQUE

+1

$ 129,00",Vêtements,Vestes et Manteaux,129.0,CAD,"$ 129,00",https://www.zara.com/ca/fr/veste-coupe-decontractee-en-matiere-synthetique-p03046314.html,https://static.zara.net/stdstatic/7.12.1/images/transparent-background.png,True
471250510,BLOUSON EFFET MOUTONNÉ CONTRASTE,"BLOUSON EFFET MOUTONNÉ CONTRASTE
$ 129,00",Vêtements,Vestes et Manteaux,129.0,CAD,"$ 129,00",https://www.zara.com/ca/fr/blouson-effet-moutonne-contraste-p03046400.html,https://static.zara.net/stdstatic/7.12.1/images/transparent-background.png,True
464714594,PANTALON CARGO À LACET CHAMPION ® X ZARA,"PANTALON CARGO À LACET CHAMPION ® X ZARA
$ 129,00",Vêtements,Pantalons,129.0,CAD,"$ 129,00",https://www.zara.com/ca/fr/pantalon-cargo-a-lacet-champion---x-zara-p04302328.html,https://static.zara.net/stdstatic/7.12.1/images/transparent-background.png,True
457794250,POLO EN MAILLE 100 % LAINE,"POLO EN MAILLE 100 % LAINE

+2

$ 129,00",Vêtements,Hauts,129.0,CAD,"$ 129,00",https://www.zara.com/ca/fr/polo-en-maille-100%C2%A0-laine-p02632317.html,https://static.zara.net/stdstatic/7.12.1/images/transparent-background.png,True
467607511,TRENCH-COAT DÉPERLANT,"TRENCH-COAT DÉPERLANT
$ 249,00",Vêtements,Vestes et Manteaux,249.0,CAD,"$ 249,00",https://www.zara.com/ca/fr/trench-coat-deperlant-p03046216.html,https://static.zara.net/stdstatic/7.12.1/images/transparent-background.png,True
481507835,VESTE REGULAR FIT STRUCTURÉE,"VESTE REGULAR FIT STRUCTURÉE
$ 249,00",Vêtements,Vestes et Manteaux,249.0,CAD,"$ 249,00",https://www.zara.com/ca/fr/veste-regular-fit-structuree-p01564158.html,https://static.zara.net/stdstatic/7.12.1/images/transparent-background.png,True
456022408,PULL 100 % CACHEMIRE,"PULL 100 % CACHEMIRE

+4

$ 249,00",Vêtements,Hauts,249.0,CAD,"$ 249,00",https://www.zara.com/ca/fr/pull-100%C2%A0-cachemire-p00077308.html,https://static.zara.net/stdstatic/7.12.1/images/transparent-background.png,True
464418617,SURCHEMISE EFFET MOUTON À POCHES,"SURCHEMISE EFFET MOUTON À POCHES

+1

$ 79,90",Vêtements,Chemises,79.9,CAD,"$ 79,90",https://www.zara.com/ca/fr/surchemise-effet-mouton-a-poches-p03046390.html,https://static.zara.net/stdstatic/7.12.1/images/transparent-background.png,True
464375429,PANTALON BALLON AVEC PLIS ET CEINTURE,"PANTALON BALLON AVEC PLIS ET CEINTURE

+1

$ 79,90",Accessoires,Ceintures,79.9,CAD,"$ 79,90",https://www.zara.com/ca/fr/pantalon-ballon-avec-plis-et-ceinture-p08491405.html,https://static.zara.net/stdstatic/7.12.1/images/transparent-background.png,True
460460126,PULL LAINE - CACHEMIRE,"PULL LAINE - CACHEMIRE

+3

$ 79,90",Vêtements,Hauts,79.9,CAD,"$ 79,90",https://www.zara.com/ca/fr/pull-laine---cachemire-p02893320.html,https://static.zara.net/stdstatic/7.12.1/images/transparent-background.png,True
471306862,SWEAT À CAPUCHE COURT,"SWEAT À CAPUCHE COURT

+1

$ 79,90",Vêtements,Hauts,79.9,CAD,"$ 79,90",https://www.zara.com/ca/fr/sweat-a-capuche-court-p04729309.html,https://static.zara.net/stdstatic/7.12.1/images/transparent-background.png,True
471306860,PANTALON DE JOGGING COUPE BALLON,"PANTALON DE JOGGING COUPE BALLON

+1

$ 79,90",Vêtements,Pantalons,79.9,CAD,"$ 79,90",https://www.zara.com/ca/fr/pantalon-de-jogging-coupe-ballon-p04729310.html,https://static.zara.net/stdstatic/7.12.1/images/transparent-background.png,True
476887337,PANTALON BALLON RAYÉ,"PANTALON BALLON RAYÉ
$ 79,90",Vêtements,Pantalons,79.9,CAD,"$ 79,90",https://www.zara.com/ca/fr/pantalon-ballon-raye-p04575334.html,https://static.zara.net/stdstatic/7.12.1/images/transparent-background.png,True
464427905,GILET SANS MANCHES MATELASSÉ À CAPUCHE,"GILET SANS MANCHES MATELASSÉ À CAPUCHE
$ 79,90",Vêtements,Hauts,79.9,CAD,"$ 79,90",https://www.zara.com/ca/fr/gilet-sans-manches-matelasse-a-capuche-p03918378.html,https://static.zara.net/stdstatic/7.12.1/images/transparent-background.png,True
479751245,PULL REGULAR FIT EN MÉLANGE DE LAINE,"PULL REGULAR FIT EN MÉLANGE DE LAINE

+3

$ 79,90",Vêtements,Hauts,79.9,CAD,"$ 79,90",https://www.zara.com/ca/fr/pull-regular-fit-en-melange-de-laine-p02632306.html,https://static.zara.net/stdstatic/7.12.1/images/transparent-background.png,True
452739864,PULL 100 % LAINE COL ZIPPÉ,"PULL 100 % LAINE COL ZIPPÉ

+2

$ 79,90",Vêtements,Hauts,79.9,CAD,"$ 79,90",https://www.zara.com/ca/fr/pull-100%C2%A0-laine-col-zippe-p04216330.html,https://static.zara.net/stdstatic/7.12.1/images/transparent-background.png,True
473287227,JEAN COUPE ÉVASÉE LARGE,"JEAN COUPE ÉVASÉE LARGE

+2

$ 79,90",Vêtements,Pantalons,79.9,CAD,"$ 79,90",https://www.zara.com/ca/fr/jean-coupe-evasee-large-p06688321.html,https://static.zara.net/stdstatic/7.12.1/images/transparent-background.png,True
480191845,CHEMISE FLUIDE COUPE DÉCONTRACTÉE,"CHEMISE FLUIDE COUPE DÉCONTRACTÉE

+2

$ 79,90",Vêtements,Chemises,79.9,CAD,"$ 79,90",https://www.zara.com/ca/fr/chemise-fluide-coupe-decontractee-p05854120.html,https://static.zara.net/stdstatic/7.12.1/images/transparent-background.png,True
457351275,CARDIGAN EN MAILLE ZIPPÉ,"CARDIGAN EN MAILLE ZIPPÉ
$ 79,90",Vêtements,Hauts,79.9,CAD,"$ 79,90",https://www.zara.com/ca/fr/cardigan-en-maille-zippe-p04696312.html,https://static.zara.net/stdstatic/7.12.1/images/transparent-background.png,True
452735267,MOCASSINS CHICS MASQUE,"MOCASSINS CHICS MASQUE
$ 79,90",Chaussures,Mocassins,79.9,CAD,"$ 79,90",https://www.zara.com/ca/fr/mocassins-chics-masque-p12609620.html,https://static.zara.net/stdstatic/7.12.1/images/transparent-background.png,True
452950417,JEAN SLIM FIT BASIQUE,"JEAN SLIM FIT BASIQUE

+5

$ 59,90",Vêtements,Pantalons,59.9,CAD,"$ 59,90",https://www.zara.com/ca/fr/jean-slim-fit-basique-p00774350.html,https://static.zara.net/stdstatic/7.12.1/images/transparent-background.png,True
452723795,BASKET BASIQUE,"BASKET BASIQUE

+4

$ 59,90",Chaussures,Baskets,59.9,CAD,"$ 59,90",https://www.zara.com/ca/fr/basket-basique-p12203620.html,https://static.zara.net/stdstatic/7.12.1/images/transparent-background.png,True
486469005,BOTTES CHELSEA VOLUMINEUSES,"BOTTES CHELSEA VOLUMINEUSES
$ 119,00",Chaussures,Bottines,119.0,CAD,"$ 119,00",https://www.zara.com/ca/fr/bottes-chelsea-volumineuses-p12028720.html,https://static.zara.net/stdstatic/7.12.1/images/transparent-background.png,True
471271092,BOTTES EN CROÛTE DE CUIR AVEC INTÉRIEUR EN EFFET FOURRURE,"BOTTES EN CROÛTE DE CUIR AVEC INTÉRIEUR EN EFFET FOURRURE
$ 119,00",Chaussures,Bottes,119.0,CAD,"$ 119,00",https://www.zara.com/ca/fr/bottes-en-croute-de-cuir-avec-interieur-en-effet-fourrure-p12049620.html,https://static.zara.net/stdstatic/7.12.1/images/transparent-background.png,True
452735278,CHAUSSURES EN CUIR ÉDITION LIMITÉE,"CHAUSSURES EN CUIR ÉDITION LIMITÉE
$ 119,00",Chaussures,Chaussures habillées,119.0,CAD,"$ 119,00",https://www.zara.com/ca/fr/chaussures-en-cuir-edition-limitee-p12633620.html,https://static.zara.net/stdstatic/7.12.1/images/transparent-background.png,True
457815366,CHEMISE IMPRIMÉE 100% SOIE ÉDITION LIMITÉE,"CHEMISE IMPRIMÉE 100% SOIE ÉDITION LIMITÉE
$ 229,00",Vêtements,Chemises,229.0,CAD,"$ 229,00",https://www.zara.com/ca/fr/chemise-imprimee-100-soie-edition-limitee-p04344701.html,https://static.zara.net/stdstatic/7.12.1/images/transparent-background.png,True
473380756,T-SHIRT SLIM FIT BASIQUE,"T-SHIRT SLIM FIT BASIQUE

+7

$ 22,90",Vêtements,T-shirts,22.9,CAD,"$ 22,90",https://www.zara.com/ca/fr/t-shirt-slim-fit-basique-p05584401.html,https://static.zara.net/stdstatic/7.12.1/images/transparent-background.png,True
452713552,GILET MATELASSÉ LÉGER DÉPERLANT,"GILET MATELASSÉ LÉGER DÉPERLANT

+2

$ 55,90",Vêtements,Hauts,55.9,CAD,"$ 55,90",https://www.zara.com/ca/fr/gilet-matelasse-leger-deperlant-p04302206.html,https://static.zara.net/stdstatic/7.12.1/images/transparent-background.png,True
455337894,CEINTURE EN CUIR HABILLÉE,"CEINTURE EN CUIR HABILLÉE

+1

$ 55,90",Accessoires,Ceintures,55.9,CAD,"$ 55,90",https://www.zara.com/ca/fr/ceinture-en-cuir-habillee-p02823401.html,https://static.zara.net/stdstatic/7.12.1/images/transparent-background.png,True
485251166,VESTE STRUCTURÉE 100% LAINE,"VESTE STRUCTURÉE 100% LAINE
$ 219,00",Vêtements,Vestes et Manteaux,219.0,CAD,"$ 219,00",https://www.zara.com/ca/fr/veste-structuree-100-laine-p06428726.html,https://static.zara.net/stdstatic/7.12.1/images/transparent-background.png,True
468055170,VESTE DE COSTUME À BOUTONNAGE CROISÉ ÉDITION LIMITÉE,"VESTE DE COSTUME À BOUTONNAGE CROISÉ ÉDITION LIMITÉE
$ 219,00",Vêtements,Vestes et Manteaux,219.0,CAD,"$ 219,00",https://www.zara.com/ca/fr/veste-de-costume-a-boutonnage-croise-edition-limitee-p05788203.html,https://static.zara.net/stdstatic/7.12.1/images/transparent-background.png,True
478354873,VESTE DE COSTUME ÉDITION LIMITÉE,"VESTE DE COSTUME ÉDITION LIMITÉE
$ 219,00",Vêtements,Vestes et Manteaux,219.0,CAD,"$ 219,00",https://www.zara.com/ca/fr/veste-de-costume-edition-limitee-p06400152.html,https://static.zara.net/stdstatic/7.12.1/images/transparent-background.png,True
454864868,BLAZER CROISÉ,"BLAZER CROISÉ
$ 219,00",Vêtements,Vestes et Manteaux,219.0,CAD,"$ 219,00",https://www.zara.com/ca/fr/blazer-croise-p01564305.html,https://static.zara.net/stdstatic/7.12.1/images/transparent-background.png,True
479773066,MANTEAU AVEC LAINE EFFET FOURRURE,"MANTEAU AVEC LAINE EFFET FOURRURE
$ 219,00",Vêtements,Vestes et Manteaux,219.0,CAD,"$ 219,00",https://www.zara.com/ca/fr/manteau-avec-laine-effet-fourrure-p05320708.html,https://static.zara.net/assets/public/351d/3358/48ad4319aaa9/b4c873fef613/05320708081-e1/05320708081-e1.jpg?ts=1759827738471&w=327,True
483096115,VESTE DE COSTUME CROISÉE AVEC LAINE,"VESTE DE COSTUME CROISÉE AVEC LAINE
$ 219,00",Vêtements,Vestes et Manteaux,219.0,CAD,"$ 219,00",https://www.zara.com/ca/fr/veste-de-costume-croisee-avec-laine-p06609634.html,https://static.zara.net/assets/public/a385/46c0/d16243f194ff/e797adc2dde2/06609634719-e1/06609634719-e1.jpg?ts=1758534903983&w=327,True
457855972,BLAZER CROISÉE AVEC LAINE,"BLAZER CROISÉE AVEC LAINE
$ 219,00",Vêtements,Vestes et Manteaux,219.0,CAD,"$ 219,00",https://www.zara.com/ca/fr/blazer-croisee-avec-laine-p01564311.html,https://static.zara.net/assets/public/d276/8026/f2e144b39b50/91270c8a6ed8/01564311401-000-e1/01564311401-000-e1.jpg?ts=1756456327030&w=327,True
462627328,VESTE REMBOURRÉE 100 % PLUMES DÉPERLANTE,"VESTE REMBOURRÉE 100 % PLUMES DÉPERLANTE

+4

$ 219,00",Vêtements,Vestes et Manteaux,219.0,CAD,"$ 219,00",https://www.zara.com/ca/fr/veste-rembourree-100%C2%A0-plumes-deperlante-p03411510.html,https://static.zara.net/assets/public/5d87/d392/b2ac4d14adcf/57d4e8a7972d/03411510600-e1/03411510600-e1.jpg?ts=1759143784092&w=327,True
463521117,BLAZER COSTUME SMOKING AVEC LAINE,"BLAZER COSTUME SMOKING AVEC LAINE
$ 219,00",Vêtements,Vestes et Manteaux,219.0,CAD,"$ 219,00",https://www.zara.com/ca/fr/blazer-costume-smoking-avec-laine-p04651350.html,https://static.zara.net/assets/public/d4e0/bbce/417e4b84b96c/3578279af09f/04651350800-e1/04651350800-e1.jpg?ts=1753719376081&w=327,True
462298213,BOTTINES CHELSEA EN CUIR,"BOTTINES CHELSEA EN CUIR
$ 219,00",Chaussures,Bottines,219.0,CAD,"$ 219,00",https://www.zara.com/ca/fr/bottines-chelsea-en-cuir-p12035620.html,https://static.zara.net/assets/public/76ba/fe56/8ce740adad12/6939b570dd02/12035620800-e1/12035620800-e1.jpg?ts=1758281713313&w=327,True
452723232,BLAZER COSTUME POPELINE,"BLAZER COSTUME POPELINE
$ 219,00",Vêtements,Vestes et Manteaux,219.0,CAD,"$ 219,00",https://www.zara.com/ca/fr/blazer-costume-popeline-p04731526.html,https://static.zara.net/assets/public/9a29/2206/d7b74b12a1ea/64070243daeb/04731526822-e1/04731526822-e1.jpg?ts=1753719376283&w=327,True
460046204,BLAZER COSTUME RAYURES ÉDITION LIMITÉE,"BLAZER COSTUME RAYURES ÉDITION LIMITÉE
$ 219,00",Vêtements,Vestes et Manteaux,219.0,CAD,"$ 219,00",https://www.zara.com/ca/fr/blazer-costume-rayures-edition-limitee-p05618038.html,https://static.zara.net/assets/public/c9f4/b754/bab144548a1e/47dda88caf41/05618038615-e1/05618038615-e1.jpg?ts=1748354964414&w=327,True
457154781,JEAN COUPE DROITE,"JEAN COUPE DROITE

+7

$ 69,90",Vêtements,Pantalons,69.9,CAD,"$ 69,90",https://www.zara.com/ca/fr/jean-coupe-droite-p08062330.html,https://static.zara.net/assets/public/5888/5c6f/f8874de899c1/140f6df7ec3b/08062330407-e1/08062330407-e1.jpg?ts=1755522008797&w=327,True
473121923,PANTALON DE JOGGING D'ENTRAÎNEMENT,"PANTALON DE JOGGING D'ENTRAÎNEMENT

+1

$ 69,90",Vêtements,Pantalons,69.9,CAD,"$ 69,90",https://www.zara.com/ca/fr/pantalon-de-jogging-d-entrainement-p04231313.html,https://static.zara.net/assets/public/4833/874f/02d8429983bb/05aee199b533/04231313803-e1/04231313803-e1.jpg?ts=1757950255230&w=327,True
479745491,PANTALON DE COSTUME COUPE ÉTROITE,"PANTALON DE COSTUME COUPE ÉTROITE

+3

$ 69,90",Vêtements,Pantalons,69.9,CAD,"$ 69,90",https://www.zara.com/ca/fr/pantalon-de-costume-coupe-etroite-p04426254.html,https://static.zara.net/stdstatic/7.12.1/images/transparent-background.png,True
471862710,PANTALON À PLIS EN COTON ET LYOCELL,"PANTALON À PLIS EN COTON ET LYOCELL
$ 69,90",Vêtements,Pantalons,69.9,CAD,"$ 69,90",https://www.zara.com/ca/fr/pantalon-a-plis-en-coton-et-lyocell-p01437355.html,https://static.zara.net/stdstatic/7.12.1/images/transparent-background.png,True
452713583,JEAN SLIM TAPERED FIT,"JEAN SLIM TAPERED FIT

+4

$ 69,90",Vêtements,Pantalons,69.9,CAD,"$ 69,90",https://www.zara.com/ca/fr/jean-slim-tapered-fit-p04060303.html,https://static.zara.net/stdstatic/7.12.1/images/transparent-background.png,True
452717744,PANTALON CARGO COUPE DÉCONTRACTÉE,"PANTALON CARGO COUPE DÉCONTRACTÉE

+3

$ 69,90",Vêtements,Pantalons,69.9,CAD,"$ 69,90",https://www.zara.com/ca/fr/pantalon-cargo-coupe-decontractee-p00108310.html,https://static.zara.net/stdstatic/7.12.1/images/transparent-background.png,True
463515873,PULL COL CHEMINÉE À BOUTONS,"PULL COL CHEMINÉE À BOUTONS
$ 69,90",Vêtements,Hauts,69.9,CAD,"$ 69,90",https://www.zara.com/ca/fr/pull-col-cheminee-a-boutons-p09598332.html,https://static.zara.net/stdstatic/7.12.1/images/transparent-background.png,True
476714465,CHEMISE FLUIDE À RAYURES IRRÉGULIÈRES,"CHEMISE FLUIDE À RAYURES IRRÉGULIÈRES
$ 69,90",Vêtements,Chemises,69.9,CAD,"$ 69,90",https://www.zara.com/ca/fr/chemise-fluide-a-rayures-irregulieres-p02688114.html,https://static.zara.net/stdstatic/7.12.1/images/transparent-background.png,True
453978685,PANTALON CHINO TWILL,"PANTALON CHINO TWILL

+1

$ 69,90",Vêtements,Pantalons,69.9,CAD,"$ 69,90",https://www.zara.com/ca/fr/pantalon-chino-twill-p06786186.html,https://static.zara.net/stdstatic/7.12.1/images/transparent-background.png,True
464674664,JEAN BAGGY FIT IMPRIMÉ,"JEAN BAGGY FIT IMPRIMÉ
$ 99,90",Vêtements,Pantalons,99.9,CAD,"$ 99,90",https://www.zara.com/ca/fr/jean-baggy-fit-imprime-p06688333.html,https://static.zara.net/stdstatic/7.12.1/images/transparent-background.png,True
470213275,GILET EN LAINE ET CACHEMIRE,"GILET EN LAINE ET CACHEMIRE

+3

$ 99,90",Vêtements,Hauts,99.9,CAD,"$ 99,90",https://www.zara.com/ca/fr/gilet-en-laine-et-cachemire-p02893313.html,https://static.zara.net/stdstatic/7.12.1/images/transparent-background.png,True
487531360,PANTALON ÉVASÉ EN TWILL,"PANTALON ÉVASÉ EN TWILL
$ 99,90",Vêtements,Pantalons,99.9,CAD,"$ 99,90",https://www.zara.com/ca/fr/pantalon-evase-en-serge-p06643906.html,https://static.zara.net/stdstatic/7.12.1/images/transparent-background.png,True
463054406,VESTE DÉLAVÉE SURPIQÛRE CONTRASTE,"VESTE DÉLAVÉE SURPIQÛRE CONTRASTE
$ 99,90",Vêtements,Vestes et Manteaux,99.9,CAD,"$ 99,90",https://www.zara.com/ca/fr/veste-delavee-surpiqure-contraste-p06987303.html,https://static.zara.net/stdstatic/7.12.1/images/transparent-background.png,True
463145135,VESTE COUPE DÉCONTRACTÉE ZIPPÉE,"VESTE COUPE DÉCONTRACTÉE ZIPPÉE
$ 99,90",Vêtements,Vestes et Manteaux,99.9,CAD,"$ 99,90",https://www.zara.com/ca/fr/veste-coupe-decontractee-zippee-p06987377.html,https://static.zara.net/stdstatic/7.12.1/images/transparent-background.png,True
452735585,CHAUSSURES ÉPAISSES À LACETS MULTIPLES,"CHAUSSURES ÉPAISSES À LACETS MULTIPLES
$ 99,90",Chaussures,Chaussures habillées,99.9,CAD,"$ 99,90",https://www.zara.com/ca/fr/chaussures-epaisses-a-lacets-multiples-p12412620.html,https://static.zara.net/stdstatic/7.12.1/images/transparent-background.png,True
465580407,CARDIGAN REGULAR FIT EN COTON,"CARDIGAN REGULAR FIT EN COTON

+1

$ 99,90",Vêtements,Hauts,99.9,CAD,"$ 99,90",https://www.zara.com/ca/fr/cardigan-regular-fit-en-coton-p02632305.html,https://static.zara.net/stdstatic/7.12.1/images/transparent-background.png,True
486870491,PANTALON BALLOON FIT À PLIS,"PANTALON BALLOON FIT À PLIS

+2

$ 99,90",Vêtements,Pantalons,99.9,CAD,"$ 99,90",https://www.zara.com/ca/fr/pantalon-balloon-fit-a-plis-p05854180.html,https://static.zara.net/stdstatic/7.12.1/images/transparent-background.png,True
452723318,PULL EN COTON ET CHANVRE,"PULL EN COTON ET CHANVRE

+1

$ 99,90",Vêtements,Hauts,99.9,CAD,"$ 99,90",https://www.zara.com/ca/fr/pull-en-coton-et-chanvre-p02893306.html,https://static.zara.net/stdstatic/7.12.1/images/transparent-background.png,True
452717308,MOCASSINS EN CUIR OUVERTS À L'ARRIÈRE,"MOCASSINS EN CUIR OUVERTS À L'ARRIÈRE
$ 99,90",Chaussures,Mocassins,99.9,CAD,"$ 99,90",https://www.zara.com/ca/fr/mocassins-en-cuir-ouverts-a-l-arriere-p12662620.html,https://static.zara.net/stdstatic/7.12.1/images/transparent-background.png,True
452723008,MOCASSINS EN CUIR CASUAL,"MOCASSINS EN CUIR CASUAL

+3

$ 99,90",Chaussures,Mocassins,99.9,CAD,"$ 99,90",https://www.zara.com/ca/fr/mocassins-en-cuir-casual-p12613520.html,https://static.zara.net/stdstatic/7.12.1/images/transparent-background.png,True
459591908,DOUDOUNE SANS MANCHES 100 % PLUMES DÉPERLANTE,"DOUDOUNE SANS MANCHES 100 % PLUMES DÉPERLANTE

+1

$ 99,90",Vêtements,Vestes et Manteaux,99.9,CAD,"$ 99,90",https://www.zara.com/ca/fr/doudoune-sans-manches-100%C2%A0-plumes-deperlante-p04302313.html,https://static.zara.net/stdstatic/7.12.1/images/transparent-background.png,True
452735329,MOCASSINS EN CUIR AVEC MASQUE,"MOCASSINS EN CUIR AVEC MASQUE
$ 99,90",Chaussures,Mocassins,99.9,CAD,"$ 99,90",https://www.zara.com/ca/fr/mocassins-en-cuir-avec-masque-p12639620.html,https://static.zara.net/stdstatic/7.12.1/images/transparent-background.png,True
452729495,BOTTINES CHELSEA VOLUME,"BOTTINES CHELSEA VOLUME
$ 99,90",Chaussures,Bottines,99.9,CAD,"$ 99,90",https://www.zara.com/ca/fr/bottines-chelsea-volume-p12008620.html,https://static.zara.net/stdstatic/7.12.1/images/transparent-background.png,True
460014962,JEAN COUPE ÉTROITE À DÉCHIRURES BOBBY GILLESPIE X ZARA,"JEAN COUPE ÉTROITE À DÉCHIRURES BOBBY GILLESPIE X ZARA
$ 99,90",Vêtements,Pantalons,99.9,CAD,"$ 99,90",https://www.zara.com/ca/fr/jean-coupe-etroite-a-dechirures-bobby-gillespie-x-zara-p01300347.html,https://static.zara.net/stdstatic/7.12.1/images/transparent-background.png,True
455181679,PARKA TECHNIQUE AMOVIBLE WATER REPELLENT,"PARKA TECHNIQUE AMOVIBLE WATER REPELLENT
$ 199,00",Vêtements,Vestes et Manteaux,199.0,CAD,"$ 199,00",https://www.zara.com/ca/fr/parka-technique-amovible-water-repellent-p08281179.html,https://static.zara.net/stdstatic/7.12.1/images/transparent-background.png,True
468048998,BLAZER COSTUME PIED-DE-POULE,"BLAZER COSTUME PIED-DE-POULE
$ 199,00",Vêtements,Vestes et Manteaux,199.0,CAD,"$ 199,00",https://www.zara.com/ca/fr/blazer-costume-pied-de-poule-p01564330.html,https://static.zara.net/stdstatic/7.12.1/images/transparent-background.png,True
467595166,PANTALON CHEVRON DE LAINE ÉDITION LIMITÉE,"PANTALON CHEVRON DE LAINE ÉDITION LIMITÉE
$ 199,00",Vêtements,Pantalons,199.0,CAD,"$ 199,00",https://www.zara.com/ca/fr/pantalon-chevron-de-laine-edition-limitee-p05796047.html,https://static.zara.net/stdstatic/7.12.1/images/transparent-background.png,True
471030082,VESTE À BOUTONNAGE CROISÉ,"VESTE À BOUTONNAGE CROISÉ
$ 199,00",Vêtements,Vestes et Manteaux,199.0,CAD,"$ 199,00",https://www.zara.com/ca/fr/veste-a-boutonnage-croise-p05818371.html,https://static.zara.net/stdstatic/7.12.1/images/transparent-background.png,True
466320015,VESTE DOUDOUNE 100% PLUMES,"VESTE DOUDOUNE 100% PLUMES
$ 199,00",Vêtements,Vestes et Manteaux,199.0,CAD,"$ 199,00",https://www.zara.com/ca/fr/veste-doudoune-100-plumes-p03411610.html,https://static.zara.net/stdstatic/7.12.1/images/transparent-background.png,True
462544787,CHAUSSURES EN CUIR CHIC,"CHAUSSURES EN CUIR CHIC
$ 199,00",Chaussures,Chaussures habillées,199.0,CAD,"$ 199,00",https://www.zara.com/ca/fr/chaussures-en-cuir-chic-p12466620.html,https://static.zara.net/stdstatic/7.12.1/images/transparent-background.png,True
467644326,BLAZER STRUCTURE À CHEVRONS,"BLAZER STRUCTURE À CHEVRONS
$ 199,00",Vêtements,Vestes et Manteaux,199.0,CAD,"$ 199,00",https://www.zara.com/ca/fr/blazer-structure-a-chevrons-p04980432.html,https://static.zara.net/stdstatic/7.12.1/images/transparent-background.png,True
461744431,BLAZER COSTUME COTON - LIN,"BLAZER COSTUME COTON - LIN
$ 199,00",Vêtements,Vestes et Manteaux,199.0,CAD,"$ 199,00",https://www.zara.com/ca/fr/blazer-costume-coton---lin-p05765237.html,https://static.zara.net/stdstatic/7.12.1/images/transparent-background.png,True
462187855,MOCASSINS EN CUIR AVEC NŒUD,"MOCASSINS EN CUIR AVEC NŒUD

+1

$ 199,00",Chaussures,Mocassins,199.0,CAD,"$ 199,00",https://www.zara.com/ca/fr/mocassins-en-cuir-avec-n-ud-p12681620.html,https://static.zara.net/stdstatic/7.12.1/images/transparent-background.png,True
477292932,VESTE CROISÉE COSTUME RAYÉ,"VESTE CROISÉE COSTUME RAYÉ
$ 199,00",Vêtements,Vestes et Manteaux,199.0,CAD,"$ 199,00",https://www.zara.com/ca/fr/veste-croisee-costume-raye-p05954549.html,https://static.zara.net/stdstatic/7.12.1/images/transparent-background.png,True
470562837,SWEAT POLO INTERLOCK ZIPPÉ,"SWEAT POLO INTERLOCK ZIPPÉ

+3

$ 65,90",Vêtements,Hauts,65.9,CAD,"$ 65,90",https://www.zara.com/ca/fr/sweat-polo-interlock-zippe-p04092380.html,https://static.zara.net/stdstatic/7.12.1/images/transparent-background.png,True
452728844,PANTALON À TEXTURE CONFORT,"PANTALON À TEXTURE CONFORT

+12

$ 65,90",Vêtements,Pantalons,65.9,CAD,"$ 65,90",https://www.zara.com/ca/fr/pantalon-a-texture-confort-p00706648.html,https://static.zara.net/stdstatic/7.12.1/images/transparent-background.png,True
472976514,CHEMISE STRUCTURÉE TWILL DÉLAVÉE,"CHEMISE STRUCTURÉE TWILL DÉLAVÉE

+2

$ 65,90",Vêtements,Chemises,65.9,CAD,"$ 65,90",https://www.zara.com/ca/fr/chemise-structuree-twill-delavee-p06887400.html,https://static.zara.net/stdstatic/7.12.1/images/transparent-background.png,True
457162038,PULL STRUCTURÉ EN COTON,"PULL STRUCTURÉ EN COTON

+3

$ 65,90",Vêtements,Hauts,65.9,CAD,"$ 65,90",https://www.zara.com/ca/fr/pull-structure-en-coton-p03920325.html,https://static.zara.net/stdstatic/7.12.1/images/transparent-background.png,True
452717727,POLO EN MAILLE CÔTELÉE,"POLO EN MAILLE CÔTELÉE

+3

$ 65,90",Vêtements,Hauts,65.9,CAD,"$ 65,90",https://www.zara.com/ca/fr/polo-en-maille-cotelee-p09598307.html,https://static.zara.net/stdstatic/7.12.1/images/transparent-background.png,True
452697223,PANTALON RELAXED FIT COTON - LIN,"PANTALON RELAXED FIT COTON - LIN

+3

$ 65,90",Vêtements,Pantalons,65.9,CAD,"$ 65,90",https://www.zara.com/ca/fr/pantalon-relaxed-fit-coton---lin-p01437450.html,https://static.zara.net/stdstatic/7.12.1/images/transparent-background.png,True
463521180,CHEMISE STRUCTURÉE À RAYURES,"CHEMISE STRUCTURÉE À RAYURES
$ 65,90",Vêtements,Chemises,65.9,CAD,"$ 65,90",https://www.zara.com/ca/fr/chemise-structuree-a-rayures-p01618501.html,https://static.zara.net/stdstatic/7.12.1/images/transparent-background.png,True
457432035,CHEMISE REGULAR FIT,"CHEMISE REGULAR FIT

+1

$ 65,90",Vêtements,Chemises,65.9,CAD,"$ 65,90",https://www.zara.com/ca/fr/chemise-regular-fit-p05669776.html,https://static.zara.net/stdstatic/7.12.1/images/transparent-background.png,True
452717823,SUNRISE ON THE RED SAND DUNES EDP 100 ML (3.4 FL.OZ),"SUNRISE ON THE RED SAND DUNES EDP 100 ML (3.4 FL.OZ)
$ 45,90",Parfums,Eau de parfum,45.9,CAD,"$ 45,90",https://www.zara.com/ca/fr/sunrise-on-the-red-sand-dunes-edp-100%C2%A0ml--3-4-fl-oz--p20220240.html,https://static.zara.net/stdstatic/7.12.1/images/transparent-background.png,True
452717809,OUD VIBRANT LEATHER EDP 100ML (3.4 FL.OZ),"OUD VIBRANT LEATHER EDP 100ML (3.4 FL.OZ)
$ 45,90",Parfums,Eau de parfum,45.9,CAD,"$ 45,90",https://www.zara.com/ca/fr/oud-vibrant-leather-edp-100ml--3-4-fl-oz--p20210722.html,https://static.zara.net/stdstatic/7.12.1/images/transparent-background.png,True
452717749,MOCASSINS CHICS À POMPONS,"MOCASSINS CHICS À POMPONS

+1

$ 89,90",Chaussures,Mocassins,89.9,CAD,"$ 89,90",https://www.zara.com/ca/fr/mocassins-chics-a-pompons-p12600620.html,https://static.zara.net/stdstatic/7.12.1/images/transparent-background.png,True
464990610,BOTTINES CHELSEA ÉPAISSES,"BOTTINES CHELSEA ÉPAISSES

+1

$ 89,90",Chaussures,Bottines,89.9,CAD,"$ 89,90",https://www.zara.com/ca/fr/bottines-chelsea-epaisses-p12051620.html,https://static.zara.net/stdstatic/7.12.1/images/transparent-background.png,True
456831959,JEAN SLIM CROPPED FIT,"JEAN SLIM CROPPED FIT

+4

$ 59,90",Vêtements,Pantalons,59.9,CAD,"$ 59,90",https://www.zara.com/ca/fr/jean-slim-cropped-fit-p04365305.html,https://static.zara.net/stdstatic/7.12.1/images/transparent-background.png,True
452708247,JEAN SLIM FIT,"JEAN SLIM FIT

+5

$ 59,90",Vêtements,Pantalons,59.9,CAD,"$ 59,90",https://www.zara.com/ca/fr/jean-slim-fit-p00774340.html,https://static.zara.net/stdstatic/7.12.1/images/transparent-background.png,True
452708360,POLO EN MAILLE REGULAR FIT,"POLO EN MAILLE REGULAR FIT

+4

$ 59,90",Vêtements,Hauts,59.9,CAD,"$ 59,90",https://www.zara.com/ca/fr/polo-en-maille-regular-fit-p00304407.html,https://static.zara.net/stdstatic/7.12.1/images/transparent-background.png,True
452722990,"NAVY BLACK EDT 90 ML (3,04 FL. OZ)","NAVY BLACK EDT 90 ML (3,04 FL. OZ)
$ 29,90",Parfums,Eau de toilette,29.9,CAD,"$ 29,90",https://www.zara.com/ca/fr/navy-black-edt-90%C2%A0ml--3-04-fl-%C2%A0oz--p20210753.html,https://static.zara.net/stdstatic/7.12.1/images/transparent-background.png,True
452729452,BOTTES EN CUIR À TALONS ÉDITION LIMITÉE,"BOTTES EN CUIR À TALONS ÉDITION LIMITÉE

+1

$ 169,00",Chaussures,Bottes,169.0,CAD,"$ 169,00",https://www.zara.com/ca/fr/bottes-en-cuir-a-talons-edition-limitee-p12001620.html,https://static.zara.net/stdstatic/7.12.1/images/transparent-background.png,True
462608502,PANTALON DE COSTUME EN VELOURS CÔTELÉ LIMITED EDITION,"PANTALON DE COSTUME EN VELOURS CÔTELÉ LIMITED EDITION
$ 169,00",Vêtements,Pantalons,169.0,CAD,"$ 169,00",https://www.zara.com/ca/fr/pantalon-de-costume-en-velours-cotele-limited-edition-p04088701.html,https://static.zara.net/stdstatic/7.12.1/images/transparent-background.png,True
455257136,BLAZER FLUIDE COSTUME,"BLAZER FLUIDE COSTUME
$ 169,00",Vêtements,Vestes et Manteaux,169.0,CAD,"$ 169,00",https://www.zara.com/ca/fr/blazer-fluide-costume-p05643063.html,https://static.zara.net/stdstatic/7.12.1/images/transparent-background.png,True
459591066,DOUDOUNE 100 % PLUMES DÉPERLANTE,"DOUDOUNE 100 % PLUMES DÉPERLANTE

+1

$ 169,00",Vêtements,Vestes et Manteaux,169.0,CAD,"$ 169,00",https://www.zara.com/ca/fr/doudoune-100%C2%A0-plumes-deperlante-p04302312.html,https://static.zara.net/stdstatic/7.12.1/images/transparent-background.png,True
460046207,PANTALON DE COSTUME À RAYURES ÉDITION LIMITÉE,"PANTALON DE COSTUME À RAYURES ÉDITION LIMITÉE
$ 169,00",Vêtements,Pantalons,169.0,CAD,"$ 169,00",https://www.zara.com/ca/fr/pantalon-de-costume-a-rayures-edition-limitee-p05619038.html,https://static.zara.net/stdstatic/7.12.1/images/transparent-background.png,True
452735543,CHAUSSURES EN CUIR À BOUCLE,"CHAUSSURES EN CUIR À BOUCLE
$ 169,00",Chaussures,Chaussures habillées,169.0,CAD,"$ 169,00",https://www.zara.com/ca/fr/chaussures-en-cuir-a-boucle-p12404620.html,https://static.zara.net/stdstatic/7.12.1/images/transparent-background.png,True
452739758,PANTALON REGULAR FIT 100 % LAINE,"PANTALON REGULAR FIT 100 % LAINE

+1

$ 169,00",Vêtements,Pantalons,169.0,CAD,"$ 169,00",https://www.zara.com/ca/fr/pantalon-regular-fit-100%C2%A0-laine-p04735529.html,https://static.zara.net/stdstatic/7.12.1/images/transparent-background.png,True
467136797,PANTALON DE JOGGING BASIQUE,"PANTALON DE JOGGING BASIQUE

+4

$ 55,90",Vêtements,Pantalons,55.9,CAD,"$ 55,90",https://www.zara.com/ca/fr/pantalon-de-jogging-basique-p00761372.html,https://static.zara.net/stdstatic/7.12.1/images/transparent-background.png,True
453765933,POLO IMPRIMÉ FOOTBALL RÉTRO,"POLO IMPRIMÉ FOOTBALL RÉTRO
$ 55,90",Vêtements,Hauts,55.9,CAD,"$ 55,90",https://www.zara.com/ca/fr/polo-imprime-football-retro-p00962309.html,https://static.zara.net/stdstatic/7.12.1/images/transparent-background.png,True
467480116,PANTALON CHINO SKINNY,"PANTALON CHINO SKINNY

+7

$ 55,90",Vêtements,Pantalons,55.9,CAD,"$ 55,90",https://www.zara.com/ca/fr/pantalon-chino-skinny-p06786370.html,https://static.zara.net/stdstatic/7.12.1/images/transparent-background.png,True
452713576,SWEAT COL ROND BASIQUE,"SWEAT COL ROND BASIQUE

+6

$ 55,90",Vêtements,Hauts,55.9,CAD,"$ 55,90",https://www.zara.com/ca/fr/sweat-col-rond-basique-p03443360.html,https://static.zara.net/stdstatic/7.12.1/images/transparent-background.png,True
454741685,CHEMISE STRUCTURÉE OXFORD,"CHEMISE STRUCTURÉE OXFORD

+3

$ 55,90",Vêtements,Chemises,55.9,CAD,"$ 55,90",https://www.zara.com/ca/fr/chemise-structuree-oxford-p01063417.html,https://static.zara.net/stdstatic/7.12.1/images/transparent-background.png,True
452744210,BLUE TEMPTATION EDP SET 120 ML (4.05 FL.OZ) + 60 ML (2.03 O.Z),"BLUE TEMPTATION EDP SET 120 ML (4.05 FL.OZ) + 60 ML (2.03 O.Z)
$ 79,90",Parfums,Eau de parfum,79.9,CAD,"$ 79,90",https://www.zara.com/ca/fr/blue-temptation-edp-set-120-ml--4-05-fl-oz--60-ml--2-03-o-z--p20220323.html,https://static.zara.net/assets/public/d3db/0b5c/74f243b08c92/096d33213e9a/20220323999-e1/20220323999-e1.jpg?ts=1760537660673&w=327,True
475388199,GILET EN MAILLE BIMATIÈRE POLAIRE,"GILET EN MAILLE BIMATIÈRE POLAIRE
$ 79,90",Vêtements,Hauts,79.9,CAD,"$ 79,90",https://www.zara.com/ca/fr/gilet-en-maille-bimatiere-polaire-p03286305.html,https://static.zara.net/assets/public/3094/eedc/d3724cc2a7a1/a72cc40c9317/03286305700-e1/03286305700-e1.jpg?ts=1759481895726&w=327,True
462542837,PANTALON JOGGER COUPE REGULAR,"PANTALON JOGGER COUPE REGULAR

+1

$ 79,90",Vêtements,Pantalons,79.9,CAD,"$ 79,90",https://www.zara.com/ca/fr/pantalon-jogger-coupe-regular-p04087356.html,https://static.zara.net/assets/public/ceaf/0b61/a33a43468640/6304b0cd2d02/04087356803-e1/04087356803-e1.jpg?ts=1756742025538&w=327,True
477292930,PANTALON DE COSTUME RAYÉ,"PANTALON DE COSTUME RAYÉ
$ 79,90",Vêtements,Pantalons,79.9,CAD,"$ 79,90",https://www.zara.com/ca/fr/pantalon-de-costume-raye-p05955549.html,https://static.zara.net/assets/public/6329/f874/c475436bae5e/388fc1279869/05955549104-e1/05955549104-e1.jpg?ts=1756718586828&w=327,True
463054478,JEAN CARPENTER EFFET DÉLAVÉ,"JEAN CARPENTER EFFET DÉLAVÉ

+1

$ 79,90",Vêtements,Pantalons,79.9,CAD,"$ 79,90",https://www.zara.com/ca/fr/jean-carpenter-effet-delave-p04365350.html,https://static.zara.net/assets/public/c991/2c1a/bec84aeb84fb/985d8871844c/04365350800-e1/04365350800-e1.jpg?ts=1756127131801&w=327,True
461686648,CHEMISE SLIM FIT STRUCTURÉE,"CHEMISE SLIM FIT STRUCTURÉE
$ 79,90",Vêtements,Chemises,79.9,CAD,"$ 79,90",https://www.zara.com/ca/fr/chemise-slim-fit-structuree-p05863649.html,https://static.zara.net/assets/public/d297/9880/178a4fb3b0ef/4fc530826e16/05863649250-e1/05863649250-e1.jpg?ts=1753351976855&w=327,True
486351351,PANTALON À PLIS ET CORDON,"PANTALON À PLIS ET CORDON
$ 79,90",Vêtements,Pantalons,79.9,CAD,"$ 79,90",https://www.zara.com/ca/fr/pantalon-a-plis-et-cordon-p04087373.html,https://static.zara.net/assets/public/3398/4ff9/f1b948038989/8183da7c05fd/04087373703-e1/04087373703-e1.jpg?ts=1760362391758&w=327,True
475469074,BLAZER SLIM FIT CONFORT,"BLAZER SLIM FIT CONFORT

+2

$ 79,90",Vêtements,Vestes et Manteaux,79.9,CAD,"$ 79,90",https://www.zara.com/ca/fr/blazer-slim-fit-confort-p00706102.html,https://static.zara.net/assets/public/7c53/c17e/ef874fbe8350/e520354d6f12/00706102800-e1/00706102800-e1.jpg?ts=1753351857589&w=327,True
480175172,SWEAT BIMATIÈRE À CAPUCHE ET CARREAUX,"SWEAT BIMATIÈRE À CAPUCHE ET CARREAUX
$ 79,90",Vêtements,Hauts,79.9,CAD,"$ 79,90",https://www.zara.com/ca/fr/sweat-bimatiere-a-capuche-et-carreaux-p04729300.html,https://static.zara.net/stdstatic/7.12.1/images/transparent-background.png,True
467557811,SURCHEMISE STRUCTURÉE CONFORT,"SURCHEMISE STRUCTURÉE CONFORT

+2

$ 79,90",Vêtements,Chemises,79.9,CAD,"$ 79,90",https://www.zara.com/ca/fr/surchemise-structuree-confort-p04333555.html,https://static.zara.net/stdstatic/7.12.1/images/transparent-background.png,True
470177090,GILET EN MAILLE PERLÉE À FERMETURE ÉCLAIR,"GILET EN MAILLE PERLÉE À FERMETURE ÉCLAIR

+2

$ 79,90",Vêtements,Hauts,79.9,CAD,"$ 79,90",https://www.zara.com/ca/fr/gilet-en-maille-perlee-a-fermeture-eclair-p09598398.html,https://static.zara.net/stdstatic/7.12.1/images/transparent-background.png,True
463257309,PANTALON WIDE FIT EFFET NÉOPRÈNE CLOUS,"PANTALON WIDE FIT EFFET NÉOPRÈNE CLOUS
$ 79,90",Vêtements,Pantalons,79.9,CAD,"$ 79,90",https://www.zara.com/ca/fr/pantalon-wide-fit-effet-neoprene-clous-p06318336.html,https://static.zara.net/stdstatic/7.12.1/images/transparent-background.png,True
457154875,CARDIGAN CÔTELÉ EFFET DÉCHIRURES,"CARDIGAN CÔTELÉ EFFET DÉCHIRURES

+1

$ 79,90",Vêtements,Hauts,79.9,CAD,"$ 79,90",https://www.zara.com/ca/fr/cardigan-cotele-effet-dechirures-p03920239.html,https://static.zara.net/stdstatic/7.12.1/images/transparent-background.png,True
457203279,CARDIGAN STRUCTURÉ À EFFET DÉCHIRURES,"CARDIGAN STRUCTURÉ À EFFET DÉCHIRURES
$ 79,90",Vêtements,Hauts,79.9,CAD,"$ 79,90",https://www.zara.com/ca/fr/cardigan-structure-a-effet-dechirures-p03920297.html,https://static.zara.net/stdstatic/7.12.1/images/transparent-background.png,True
469445733,SURCHEMISE EFFET MOUTON,"SURCHEMISE EFFET MOUTON
$ 79,90",Vêtements,Chemises,79.9,CAD,"$ 79,90",https://www.zara.com/ca/fr/surchemise-effet-mouton-p01248300.html,https://static.zara.net/stdstatic/7.12.1/images/transparent-background.png,True
482384480,JEAN FLARE FIT DÉCHIRÉ,"JEAN FLARE FIT DÉCHIRÉ
$ 79,90",Vêtements,Pantalons,79.9,CAD,"$ 79,90",https://www.zara.com/ca/fr/jean-flare-fit-dechire-p05585338.html,https://static.zara.net/stdstatic/7.12.1/images/transparent-background.png,True
452723025,CHAUSSURES CHIC,"CHAUSSURES CHIC

+1

$ 79,90",Chaussures,Chaussures habillées,79.9,CAD,"$ 79,90",https://www.zara.com/ca/fr/chaussures-chic-p12401520.html,https://static.zara.net/stdstatic/7.12.1/images/transparent-background.png,True
452735188,MOCASSINS À MASQUE ÉPAIS,"MOCASSINS À MASQUE ÉPAIS

+1

$ 79,90",Chaussures,Mocassins,79.9,CAD,"$ 79,90",https://www.zara.com/ca/fr/mocassins-a-masque-epais-p12625620.html,https://static.zara.net/stdstatic/7.12.1/images/transparent-background.png,True
461966685,PANTALON VISCOSE - JUTE,"PANTALON VISCOSE - JUTE

+1

$ 79,90",Vêtements,Pantalons,79.9,CAD,"$ 79,90",https://www.zara.com/ca/fr/pantalon-viscose---jute-p05770100.html,https://static.zara.net/stdstatic/7.12.1/images/transparent-background.png,True
452735426,VESTE MATELASSÉE COMBINÉE,"VESTE MATELASSÉE COMBINÉE

+3

$ 79,90",Vêtements,Vestes et Manteaux,79.9,CAD,"$ 79,90",https://www.zara.com/ca/fr/veste-matelassee-combinee-p08574800.html,https://static.zara.net/stdstatic/7.12.1/images/transparent-background.png,True
452717170,CARDIGAN STRUCTURE COTON,"CARDIGAN STRUCTURE COTON

+1

$ 79,90",Vêtements,Hauts,79.9,CAD,"$ 79,90",https://www.zara.com/ca/fr/cardigan-structure-coton-p04216300.html,https://static.zara.net/stdstatic/7.12.1/images/transparent-background.png,True
453645998,PANTALON DE CHARPENTIER À IMPRIMÉ ABSTRAIT,"PANTALON DE CHARPENTIER À IMPRIMÉ ABSTRAIT
$ 79,90",Vêtements,Pantalons,79.9,CAD,"$ 79,90",https://www.zara.com/ca/fr/pantalon-de-charpentier-a-imprime-abstrait-p05862301.html,https://static.zara.net/stdstatic/7.12.1/images/transparent-background.png,True
463738999,T-SHIRT REGULAR FIT BASIQUE,"T-SHIRT REGULAR FIT BASIQUE

+5

$ 39,90",Vêtements,T-shirts,39.9,CAD,"$ 39,90",https://www.zara.com/ca/fr/t-shirt-regular-fit-basique-p05584471.html,https://static.zara.net/stdstatic/7.12.1/images/transparent-background.png,True
452739812,MOCASSINS EN CUIR MASQUE,"MOCASSINS EN CUIR MASQUE

+1

$ 149,00",Chaussures,Mocassins,149.0,CAD,"$ 149,00",https://www.zara.com/ca/fr/mocassins-en-cuir-masque-p12664620.html,https://static.zara.net/stdstatic/7.12.1/images/transparent-background.png,True
477244513,BLOUSON TECHNIQUE COL CONTRASTANT,"BLOUSON TECHNIQUE COL CONTRASTANT

+1

$ 149,00",Vêtements,Vestes et Manteaux,149.0,CAD,"$ 149,00",https://www.zara.com/ca/fr/blouson-technique-col-contrastant-p07380220.html,https://static.zara.net/stdstatic/7.12.1/images/transparent-background.png,True
460376127,VESTE EN VELOURS CÔTELÉ À PIÈCES BRODÉES,"VESTE EN VELOURS CÔTELÉ À PIÈCES BRODÉES

+1

$ 149,00",Vêtements,Vestes et Manteaux,149.0,CAD,"$ 149,00",https://www.zara.com/ca/fr/veste-en-velours-cotele-a-pieces-brodees-p06318420.html,https://static.zara.net/stdstatic/7.12.1/images/transparent-background.png,True
464531652,VESTE JACQUARD TEXTURÉE,"VESTE JACQUARD TEXTURÉE
$ 149,00",Vêtements,Vestes et Manteaux,149.0,CAD,"$ 149,00",https://www.zara.com/ca/fr/veste-jacquard-texturee-p03918451.html,https://static.zara.net/stdstatic/7.12.1/images/transparent-background.png,True
472151183,BLOUSON COUPE COURTE,"BLOUSON COUPE COURTE

+1

$ 149,00",Vêtements,Vestes et Manteaux,149.0,CAD,"$ 149,00",https://www.zara.com/ca/fr/blouson-coupe-courte-p08281550.html,https://static.zara.net/stdstatic/7.12.1/images/transparent-background.png,True
452729619,VESTE EFFET DAIM BI-MATIÈRE,"VESTE EFFET DAIM BI-MATIÈRE

+1

$ 149,00",Vêtements,Vestes et Manteaux,149.0,CAD,"$ 149,00",https://www.zara.com/ca/fr/veste-effet-daim-bi-matiere-p06318406.html,https://static.zara.net/stdstatic/7.12.1/images/transparent-background.png,True
477250167,VESTE EFFET DAIM REGULAR FIT,"VESTE EFFET DAIM REGULAR FIT
$ 149,00",Vêtements,Vestes et Manteaux,149.0,CAD,"$ 149,00",https://www.zara.com/ca/fr/veste-effet-daim-regular-fit-p05070165.html,https://static.zara.net/stdstatic/7.12.1/images/transparent-background.png,True
463077096,MANTEAU STRUCTURÉ DÉPERLANT,"MANTEAU STRUCTURÉ DÉPERLANT

+1

$ 149,00",Vêtements,Vestes et Manteaux,149.0,CAD,"$ 149,00",https://www.zara.com/ca/fr/manteau-structure-deperlant-p05070400.html,https://static.zara.net/stdstatic/7.12.1/images/transparent-background.png,True
464539196,VESTE TECHNIQUE DÉPERLANTE,"VESTE TECHNIQUE DÉPERLANTE
$ 149,00",Vêtements,Vestes et Manteaux,149.0,CAD,"$ 149,00",https://www.zara.com/ca/fr/veste-technique-deperlante-p03046402.html,https://static.zara.net/stdstatic/7.12.1/images/transparent-background.png,True
472926651,VESTE TECHNIQUE ÉCUSSONS CHAMPION ® X ZARA,"VESTE TECHNIQUE ÉCUSSONS CHAMPION ® X ZARA
$ 149,00",Vêtements,Vestes et Manteaux,149.0,CAD,"$ 149,00",https://www.zara.com/ca/fr/veste-technique-ecussons-champion---x-zara-p00155900.html,https://static.zara.net/stdstatic/7.12.1/images/transparent-background.png,True
462395518,PULL EN JACQUARD GÉOMÉTRIQUE AVEC ÉCHARPE ÉDITION LIMITÉE,"PULL EN JACQUARD GÉOMÉTRIQUE AVEC ÉCHARPE ÉDITION LIMITÉE
$ 149,00",Accessoires,Autre,149.0,CAD,"$ 149,00",https://www.zara.com/ca/fr/pull-en-jacquard-geometrique-avec-echarpe-edition-limitee-p03284311.html,https://static.zara.net/stdstatic/7.12.1/images/transparent-background.png,True
461966687,CHEMISE VISCOSE - JUTE,"CHEMISE VISCOSE - JUTE

+1

$ 69,90",Vêtements,Chemises,69.9,CAD,"$ 69,90",https://www.zara.com/ca/fr/chemise-viscose---jute-p05769239.html,https://static.zara.net/stdstatic/7.12.1/images/transparent-background.png,True
452739693,PANTALON TECHNIQUE À FERMETURE ÉCLAIR,"PANTALON TECHNIQUE À FERMETURE ÉCLAIR

+2

$ 69,90",Vêtements,Pantalons,69.9,CAD,"$ 69,90",https://www.zara.com/ca/fr/pantalon-technique-a-fermeture-eclair-p08574330.html,https://static.zara.net/stdstatic/7.12.1/images/transparent-background.png,True
452696840,CHEMISE 100 % LIN,"CHEMISE 100 % LIN

+4

$ 69,90",Vêtements,Chemises,69.9,CAD,"$ 69,90",https://www.zara.com/ca/fr/chemise-100%C2%A0-lin-p03090123.html,https://static.zara.net/stdstatic/7.12.1/images/transparent-background.png,True
462007015,JEAN DE CHARPENTIER COUPE AMPLE,"JEAN DE CHARPENTIER COUPE AMPLE
$ 69,90",Vêtements,Pantalons,69.9,CAD,"$ 69,90",https://www.zara.com/ca/fr/jean-de-charpentier-coupe-ample-p01300305.html,https://static.zara.net/stdstatic/7.12.1/images/transparent-background.png,True
457869737,POLO EN MAILLE DÉLAVÉ,"POLO EN MAILLE DÉLAVÉ

+1

$ 69,90",Vêtements,Hauts,69.9,CAD,"$ 69,90",https://www.zara.com/ca/fr/polo-en-maille-delave-p03284340.html,https://static.zara.net/stdstatic/7.12.1/images/transparent-background.png,True
457154750,JEAN STRAIGHT FIT REGULAR,"JEAN STRAIGHT FIT REGULAR

+4

$ 69,90",Vêtements,Pantalons,69.9,CAD,"$ 69,90",https://www.zara.com/ca/fr/jean-straight-fit-regular-p04048340.html,https://static.zara.net/stdstatic/7.12.1/images/transparent-background.png,True
466778592,JEAN BALLOON FIT,"JEAN BALLOON FIT

+2

$ 69,90",Vêtements,Pantalons,69.9,CAD,"$ 69,90",https://www.zara.com/ca/fr/jean-balloon-fit-p03991370.html,https://static.zara.net/stdstatic/7.12.1/images/transparent-background.png,True
458815345,PULL STRUCTURÉ COUPE BOXY,"PULL STRUCTURÉ COUPE BOXY

+1

$ 69,90",Vêtements,Hauts,69.9,CAD,"$ 69,90",https://www.zara.com/ca/fr/pull-structure-coupe-boxy-p05755330.html,https://static.zara.net/stdstatic/7.12.1/images/transparent-background.png,True
452735651,LOT DE 3 T-SHIRTS BASIC MEDIUM WEIGHT,"LOT DE 3 T-SHIRTS BASIC MEDIUM WEIGHT

+1

$ 69,90",Vêtements,T-shirts,69.9,CAD,"$ 69,90",https://www.zara.com/ca/fr/lot-de-3-t-shirts-basic-medium-weight-p01887399.html,https://static.zara.net/stdstatic/7.12.1/images/transparent-background.png,True
452739711,CHEMISE OVERSIZED FIT,"CHEMISE OVERSIZED FIT
$ 69,90",Vêtements,Chemises,69.9,CAD,"$ 69,90",https://www.zara.com/ca/fr/chemise-oversized-fit-p01437302.html,https://static.zara.net/stdstatic/7.12.1/images/transparent-background.png,True
459964662,PULL DOUX À COL MONTANT,"PULL DOUX À COL MONTANT

+2

$ 69,90",Vêtements,Hauts,69.9,CAD,"$ 69,90",https://www.zara.com/ca/fr/pull-doux-a-col-montant-p05536333.html,https://static.zara.net/stdstatic/7.12.1/images/transparent-background.png,True
452723790,BASKETS ÉPAISSES DE COMBINAISON DE COULEURS,"BASKETS ÉPAISSES DE COMBINAISON DE COULEURS

+2

$ 69,90",Chaussures,Baskets,69.9,CAD,"$ 69,90",https://www.zara.com/ca/fr/baskets-epaisses-de-combinaison-de-couleurs-p12204620.html,https://static.zara.net/stdstatic/7.12.1/images/transparent-background.png,True
455975514,SWEAT BRODERIE BORD-CÔTES CONTRASTE,"SWEAT BRODERIE BORD-CÔTES CONTRASTE
$ 69,90",Vêtements,Hauts,69.9,CAD,"$ 69,90",https://www.zara.com/ca/fr/sweat-broderie-bord-cotes-contraste-p03443301.html,https://static.zara.net/stdstatic/7.12.1/images/transparent-background.png,True
452723478,CHEMISE 100 % LIN,"CHEMISE 100 % LIN

+3

$ 69,90",Vêtements,Chemises,69.9,CAD,"$ 69,90",https://www.zara.com/ca/fr/chemise-100-lin-p03090010.html,https://static.zara.net/stdstatic/7.12.1/images/transparent-background.png,True
452723782,BASKET DÉTAIL TALON,"BASKET DÉTAIL TALON

+2

$ 69,90",Chaussures,Baskets,69.9,CAD,"$ 69,90",https://www.zara.com/ca/fr/basket-detail-talon-p12205620.html,https://static.zara.net/stdstatic/7.12.1/images/transparent-background.png,True
454393308,JEAN SKINNY CROPPED FIT,"JEAN SKINNY CROPPED FIT

+4

$ 69,90",Vêtements,Pantalons,69.9,CAD,"$ 69,90",https://www.zara.com/ca/fr/jean-skinny-cropped-fit-p06045340.html,https://static.zara.net/stdstatic/7.12.1/images/transparent-background.png,True
456155508,POLO EN MAILLE RAYURES COL CONTRASTÉ,"POLO EN MAILLE RAYURES COL CONTRASTÉ
$ 69,90",Vêtements,Hauts,69.9,CAD,"$ 69,90",https://www.zara.com/ca/fr/polo-en-maille-rayures-col-contraste-p02142315.html,https://static.zara.net/stdstatic/7.12.1/images/transparent-background.png,True
463491664,PULL STRUCTURÉ À TORSADES,"PULL STRUCTURÉ À TORSADES

+2

$ 69,90",Vêtements,Hauts,69.9,CAD,"$ 69,90",https://www.zara.com/ca/fr/pull-structure-a-torsades-p06771307.html,https://static.zara.net/assets/public/52b8/3322/8b2d4c758314/3c1dccab2b3d/06771307400-e1/06771307400-e1.jpg?ts=1758729109415&w=327,True
454918126,CHAUSSURES DE COURSE SANS LACETS,"CHAUSSURES DE COURSE SANS LACETS
$ 69,90",Chaussures,Chaussures habillées,69.9,CAD,"$ 69,90",https://www.zara.com/ca/fr/chaussures-de-course-sans-lacets-p12351620.html,https://static.zara.net/assets/public/8c16/e18a/1c1d4dfb8194/a9cfb28b267b/12351620800-e1/12351620800-e1.jpg?ts=1757326883872&w=327,True
463744840,SWEAT ZIPPÉ À CAPUCHE BASIQUE,"SWEAT ZIPPÉ À CAPUCHE BASIQUE

+3

$ 69,90",Vêtements,Hauts,69.9,CAD,"$ 69,90",https://www.zara.com/ca/fr/sweat-zippe-a-capuche-basique-p04092360.html,https://static.zara.net/assets/public/cd4a/7ffc/c92943798153/1ac131b84cb5/04092360803-e1/04092360803-e1.jpg?ts=1755521737594&w=327,True
462337866,SWEAT COLOR BLOCK IMPRIMÉ,"SWEAT COLOR BLOCK IMPRIMÉ
$ 69,90",Vêtements,Hauts,69.9,CAD,"$ 69,90",https://www.zara.com/ca/fr/sweat-color-block-imprime-p00962310.html,https://static.zara.net/assets/public/ffc9/4d9b/a54d493398c5/28bdb6e6a6e3/00962310807-e1/00962310807-e1.jpg?ts=1758010174286&w=327,True
452723340,JERSEY REGULAR FIT STRUCTURÉ,"JERSEY REGULAR FIT STRUCTURÉ

+4

$ 69,90",Vêtements,Autre,69.9,CAD,"$ 69,90",https://www.zara.com/ca/fr/jersey-regular-fit-structure-p03332301.html,https://static.zara.net/assets/public/4b27/35bd/2c5e41fe9ea3/17091e7c30a7/03332301401-e1/03332301401-e1.jpg?ts=1754987523776&w=327,True
452815015,SAC À DOS TEXTURÉ EFFET GOMME,"SAC À DOS TEXTURÉ EFFET GOMME
$ 69,90",Accessoires,Maroquinerie,69.9,CAD,"$ 69,90",https://www.zara.com/ca/fr/sac-a-dos-texture-effet-gomme-p13206620.html,https://static.zara.net/assets/public/9b99/daf0/50db419d8897/93acfc4c13be/13206620800-e1/13206620800-e1.jpg?ts=1751386090157&w=327,True
461193394,SWEAT EFFET NÉOPRÈNE CAPUCHE ÉTIQUETTE,"SWEAT EFFET NÉOPRÈNE CAPUCHE ÉTIQUETTE
$ 69,90",Vêtements,Hauts,69.9,CAD,"$ 69,90",https://www.zara.com/ca/fr/sweat-effet-neoprene-capuche-etiquette-p00761328.html,https://static.zara.net/stdstatic/7.12.1/images/transparent-background.png,True
455257126,MOUNTAIN WOODY FOREST EDP 100ML (3.38 FL. OZ.),"MOUNTAIN WOODY FOREST EDP 100ML (3.38 FL. OZ.)
$ 45,90",Parfums,Eau de parfum,45.9,CAD,"$ 45,90",https://www.zara.com/ca/fr/mountain-woody-forest-edp-100ml--3-38-fl--oz---p20210595.html,https://static.zara.net/stdstatic/7.12.1/images/transparent-background.png,True
452717807,VIBRANT LEATHER + OUD VIBRANT LEATHER EDP 2 X 60 ML (2.03 FL.OZ),"VIBRANT LEATHER + OUD VIBRANT LEATHER EDP 2 X 60 ML (2.03 FL.OZ)
$ 45,90",Parfums,Eau de parfum,45.9,CAD,"$ 45,90",https://www.zara.com/ca/fr/vibrant-leather-oud-vibrant-leather-edp-2-x-60%C2%A0ml--2-03-fl-oz--p20210726.html,https://static.zara.net/stdstatic/7.12.1/images/transparent-background.png,True
452739652,POLO STRUCTURE VERTICALE,"POLO STRUCTURE VERTICALE

+4

$ 45,90",Vêtements,Hauts,45.9,CAD,"$ 45,90",https://www.zara.com/ca/fr/polo-structure-verticale-p00526460.html,https://static.zara.net/stdstatic/7.12.1/images/transparent-background.png,True
452722987,FOR HIM EDT 100 ML (3.4 FL.OZ),"FOR HIM EDT 100 ML (3.4 FL.OZ)
$ 45,90",Parfums,Eau de toilette,45.9,CAD,"$ 45,90",https://www.zara.com/ca/fr/for-him-edt-100%C2%A0ml--3-4-fl-oz--p20210476.html,https://static.zara.net/stdstatic/7.12.1/images/transparent-background.png,True
452744592,POLO STRUCTURÉ BASIQUE,"POLO STRUCTURÉ BASIQUE

+4

$ 45,90",Vêtements,Hauts,45.9,CAD,"$ 45,90",https://www.zara.com/ca/fr/polo-structure-basique-p04092400.html,https://static.zara.net/stdstatic/7.12.1/images/transparent-background.png,True
455909526,PANTALON DE JOGGING COUPE DÉCONTRACTÉE DÉLAVÉ,"PANTALON DE JOGGING COUPE DÉCONTRACTÉE DÉLAVÉ

+2

$ 65,90",Vêtements,Pantalons,65.9,CAD,"$ 65,90",https://www.zara.com/ca/fr/pantalon-de-jogging-coupe-decontractee-delave-p03443336.html,https://static.zara.net/stdstatic/7.12.1/images/transparent-background.png,True
463782882,PULL TEXTURÉ COUTURES EFFET INVERSÉ,"PULL TEXTURÉ COUTURES EFFET INVERSÉ

+1

$ 65,90",Vêtements,Hauts,65.9,CAD,"$ 65,90",https://www.zara.com/ca/fr/pull-texture-coutures-effet-inverse-p04938316.html,https://static.zara.net/stdstatic/7.12.1/images/transparent-background.png,True
455153476,TENNIS UNIES ÉPAISSES,"TENNIS UNIES ÉPAISSES

+1

$ 65,90",Vêtements,Autre,65.9,CAD,"$ 65,90",https://www.zara.com/ca/fr/tennis-unies-epaisses-p12215620.html,https://static.zara.net/stdstatic/7.12.1/images/transparent-background.png,True
453492737,PANTALON COUPE LARGE PLIS,"PANTALON COUPE LARGE PLIS

+1

$ 65,90",Vêtements,Pantalons,65.9,CAD,"$ 65,90",https://www.zara.com/ca/fr/pantalon-coupe-large-plis-p05070401.html,https://static.zara.net/stdstatic/7.12.1/images/transparent-background.png,True
452697080,ELEGANTLY TOKYO EDP 100ML (3.4 FL.OZ),"ELEGANTLY TOKYO EDP 100ML (3.4 FL.OZ)
$ 65,90",Accessoires,Autre,65.9,CAD,"$ 65,90",https://www.zara.com/ca/fr/elegantly-tokyo-edp-100ml--3-4-fl-oz--p20210799.html,https://static.zara.net/stdstatic/7.12.1/images/transparent-background.png,True
454970306,PANTALON AVEC TAILLE STYLE JOGGING CONFORT,"PANTALON AVEC TAILLE STYLE JOGGING CONFORT

+8

$ 65,90",Vêtements,Pantalons,65.9,CAD,"$ 65,90",https://www.zara.com/ca/fr/pantalon-avec-taille-style-jogging-confort-p06861693.html,https://static.zara.net/stdstatic/7.12.1/images/transparent-background.png,True
452744182,PULL STRUCTURÉ FINITIONS REVERS,"PULL STRUCTURÉ FINITIONS REVERS

+2

$ 65,90",Vêtements,Hauts,65.9,CAD,"$ 65,90",https://www.zara.com/ca/fr/pull-structure-finitions-revers-p06674320.html,https://static.zara.net/stdstatic/7.12.1/images/transparent-background.png,True
462006712,PANTALON CARROT FIT EN VELOURS CÔTELÉ,"PANTALON CARROT FIT EN VELOURS CÔTELÉ

+4

$ 65,90",Vêtements,Pantalons,65.9,CAD,"$ 65,90",https://www.zara.com/ca/fr/pantalon-carrot-fit-en-velours-cotele-p04302305.html,https://static.zara.net/stdstatic/7.12.1/images/transparent-background.png,True
457869751,CHEMISE STRUCTURÉE JACQUARD,"CHEMISE STRUCTURÉE JACQUARD

+1

$ 65,90",Vêtements,Chemises,65.9,CAD,"$ 65,90",https://www.zara.com/ca/fr/chemise-structuree-jacquard-p07545307.html,https://static.zara.net/stdstatic/7.12.1/images/transparent-background.png,True
460891864,CHEMISE EN LIN ET COTON,"CHEMISE EN LIN ET COTON

+7

$ 65,90",Vêtements,Chemises,65.9,CAD,"$ 65,90",https://www.zara.com/ca/fr/chemise-en-lin-et-coton-p01063305.html,https://static.zara.net/stdstatic/7.12.1/images/transparent-background.png,True
463399588,CHEMISE FLUIDE À IMPRIMÉ TIE & DYE,"CHEMISE FLUIDE À IMPRIMÉ TIE & DYE
$ 65,90",Vêtements,Chemises,65.9,CAD,"$ 65,90",https://www.zara.com/ca/fr/chemise-fluide-a-imprime-tie---dye-p05666162.html,https://static.zara.net/stdstatic/7.12.1/images/transparent-background.png,True
465580383,CHEMISE À IMPRIMÉ FLORAL,"CHEMISE À IMPRIMÉ FLORAL
$ 65,90",Vêtements,Chemises,65.9,CAD,"$ 65,90",https://www.zara.com/ca/fr/chemise-a-imprime-floral-p06085308.html,https://static.zara.net/stdstatic/7.12.1/images/transparent-background.png,True
470557660,PANTALON STRAIGHT FIT,"PANTALON STRAIGHT FIT

+3

$ 65,90",Vêtements,Pantalons,65.9,CAD,"$ 65,90",https://www.zara.com/ca/fr/pantalon-straight-fit-p02342301.html,https://static.zara.net/stdstatic/7.12.1/images/transparent-background.png,True
457154890,PULL DÉLAVÉ CANNELÉ,"PULL DÉLAVÉ CANNELÉ
$ 65,90",Vêtements,Hauts,65.9,CAD,"$ 65,90",https://www.zara.com/ca/fr/pull-delave-cannele-p03920272.html,https://static.zara.net/stdstatic/7.12.1/images/transparent-background.png,True
464001546,CHEMISE REGULAR FIT STRUCTURÉE,"CHEMISE REGULAR FIT STRUCTURÉE

+3

$ 65,90",Vêtements,Chemises,65.9,CAD,"$ 65,90",https://www.zara.com/ca/fr/chemise-regular-fit-structuree-p04333371.html,https://static.zara.net/stdstatic/7.12.1/images/transparent-background.png,True
452708294,SHORT 100 % LIN,"SHORT 100 % LIN

+1

$ 65,90",Vêtements,Autre,65.9,CAD,"$ 65,90",https://www.zara.com/ca/fr/short-100%C2%A0-lin-p01618307.html,https://static.zara.net/stdstatic/7.12.1/images/transparent-background.png,True
452708008,"SAFFRON & ORANGE FLOWERS 100 ML (3,38 FL. OZ.)","SAFFRON & ORANGE FLOWERS 100 ML (3,38 FL. OZ.)
$ 65,90",Vêtements,Autre,65.9,CAD,"$ 65,90",https://www.zara.com/ca/fr/saffron---orange-flowers-100%C2%A0ml--3-38-fl--oz---p20210271.html,https://static.zara.net/stdstatic/7.12.1/images/transparent-background.png,True
472461694,TEE-SHIRT RAYURES COMBINÉES,"TEE-SHIRT RAYURES COMBINÉES
$ 65,90",Vêtements,T-shirts,65.9,CAD,"$ 65,90",https://www.zara.com/ca/fr/tee-shirt-rayures-combinees-p00722321.html,https://static.zara.net/stdstatic/7.12.1/images/transparent-background.png,True
455907500,CRAVATE SLIM 100 % SOIE,"CRAVATE SLIM 100 % SOIE
$ 65,90",Vêtements,Autre,65.9,CAD,"$ 65,90",https://www.zara.com/ca/fr/cravate-slim-100%C2%A0-soie-p09569407.html,https://static.zara.net/stdstatic/7.12.1/images/transparent-background.png,True
457261813,BERMUDA STRUCTURÉ JACQUARD,"BERMUDA STRUCTURÉ JACQUARD

+1

$ 65,90",Vêtements,Autre,65.9,CAD,"$ 65,90",https://www.zara.com/ca/fr/bermuda-structure-jacquard-p04840141.html,https://static.zara.net/stdstatic/7.12.1/images/transparent-background.png,True
477292952,POLO COUPE CARRÉE BRODERIES,"POLO COUPE CARRÉE BRODERIES
$ 65,90",Vêtements,Hauts,65.9,CAD,"$ 65,90",https://www.zara.com/ca/fr/polo-coupe-carree-broderies-p06917304.html,https://static.zara.net/stdstatic/7.12.1/images/transparent-background.png,True
452713563,T-SHIRT CÔTELÉ CONTRASTE BASIQUE,"T-SHIRT CÔTELÉ CONTRASTE BASIQUE

+4

$ 32,90",Vêtements,T-shirts,32.9,CAD,"$ 32,90",https://www.zara.com/ca/fr/t-shirt-cotele-contraste-basique-p00761412.html,https://static.zara.net/stdstatic/7.12.1/images/transparent-background.png,True
468846544,BLOUSON EFFET DAIM REGULAR FIT,"BLOUSON EFFET DAIM REGULAR FIT

+1

$ 129,00",Vêtements,Vestes et Manteaux,129.0,CAD,"$ 129,00",https://www.zara.com/ca/fr/blouson-effet-daim-regular-fit-p03548150.html,https://static.zara.net/stdstatic/7.12.1/images/transparent-background.png,True
472926666,CHEMISE FLUIDE À CARREAUX ÉDITION LIMITÉE,"CHEMISE FLUIDE À CARREAUX ÉDITION LIMITÉE
$ 129,00",Vêtements,Chemises,129.0,CAD,"$ 129,00",https://www.zara.com/ca/fr/chemise-fluide-a-carreaux-edition-limitee-p05812077.html,https://static.zara.net/stdstatic/7.12.1/images/transparent-background.png,True
464931547,BLOUSON STRUCTURÉ À ZIP,"BLOUSON STRUCTURÉ À ZIP

+2

$ 129,00",Vêtements,Vestes et Manteaux,129.0,CAD,"$ 129,00",https://www.zara.com/ca/fr/blouson-structure-a-zip-p08281211.html,https://static.zara.net/stdstatic/7.12.1/images/transparent-background.png,True
462010858,VESTE MATELASSÉE IMPRIMÉ ABSTRAIT,"VESTE MATELASSÉE IMPRIMÉ ABSTRAIT
$ 129,00",Vêtements,Vestes et Manteaux,129.0,CAD,"$ 129,00",https://www.zara.com/ca/fr/veste-matelassee-imprime-abstrait-p03833450.html,https://static.zara.net/stdstatic/7.12.1/images/transparent-background.png,True
459127737,PULL EN LAINE MONTY HARRY LAMBERT FOR ZARA X DISNEY,"PULL EN LAINE MONTY HARRY LAMBERT FOR ZARA X DISNEY
$ 129,00",Vêtements,Hauts,129.0,CAD,"$ 129,00",https://www.zara.com/ca/fr/pull-en-laine-monty-harry-lambert-for-zara-x-disney-p05755376.html,https://static.zara.net/stdstatic/7.12.1/images/transparent-background.png,True
462992708,SURCHEMISE COUPE DÉCONTRACTÉE À POCHES,"SURCHEMISE COUPE DÉCONTRACTÉE À POCHES
$ 129,00",Vêtements,Chemises,129.0,CAD,"$ 129,00",https://www.zara.com/ca/fr/surchemise-coupe-decontractee-a-poches-p06861337.html,https://static.zara.net/stdstatic/7.12.1/images/transparent-background.png,True
478966221,PANTALON COUPE ÉVASÉE HARRY LAMBERT FOR ZARA X DISNEY,"PANTALON COUPE ÉVASÉE HARRY LAMBERT FOR ZARA X DISNEY
$ 129,00",Vêtements,Pantalons,129.0,CAD,"$ 129,00",https://www.zara.com/ca/fr/pantalon-coupe-evasee-harry-lambert-for-zara-x-disney-p05984525.html,https://static.zara.net/stdstatic/7.12.1/images/transparent-background.png,True
468894170,VESTE EN DENIM MATELASSÉ À CAPUCHE,"VESTE EN DENIM MATELASSÉ À CAPUCHE
$ 129,00",Vêtements,Vestes et Manteaux,129.0,CAD,"$ 129,00",https://www.zara.com/ca/fr/veste-en-denim-matelasse-a-capuche-p03409375.html,https://static.zara.net/stdstatic/7.12.1/images/transparent-background.png,True
452734922,VESTE TECHNIQUE À CAPUCHE,"VESTE TECHNIQUE À CAPUCHE

+1

$ 129,00",Vêtements,Vestes et Manteaux,129.0,CAD,"$ 129,00",https://www.zara.com/ca/fr/veste-technique-a-capuche-p04695500.html,https://static.zara.net/stdstatic/7.12.1/images/transparent-background.png,True
480486724,JEAN COUPE LOOSE FUSELÉE CHAMPION ® X ZARA,"JEAN COUPE LOOSE FUSELÉE CHAMPION ® X ZARA

+1

$ 129,00",Vêtements,Pantalons,129.0,CAD,"$ 129,00",https://www.zara.com/ca/fr/jean-coupe-loose-fuselee-champion---x-zara-p00840326.html,https://static.zara.net/stdstatic/7.12.1/images/transparent-background.png,True
474470821,BLOUSON TECHNIQUE MATELASSÉ,"BLOUSON TECHNIQUE MATELASSÉ

+1

$ 129,00",Vêtements,Vestes et Manteaux,129.0,CAD,"$ 129,00",https://www.zara.com/ca/fr/blouson-technique-matelasse-p03286309.html,https://static.zara.net/stdstatic/7.12.1/images/transparent-background.png,True
459127739,PULL EN LAINE PLUTO HARRY LAMBERT FOR ZARA X DISNEY,"PULL EN LAINE PLUTO HARRY LAMBERT FOR ZARA X DISNEY
$ 129,00",Vêtements,Hauts,129.0,CAD,"$ 129,00",https://www.zara.com/ca/fr/pull-en-laine-pluto-harry-lambert-for-zara-x-disney-p05755375.html,https://static.zara.net/stdstatic/7.12.1/images/transparent-background.png,True
463285537,VESTE EN JEAN EFFET MOUTON À CAPUCHE,"VESTE EN JEAN EFFET MOUTON À CAPUCHE

+1

$ 129,00",Vêtements,Vestes et Manteaux,129.0,CAD,"$ 129,00",https://www.zara.com/ca/fr/veste-en-jean-effet-mouton-a-capuche-p00774372.html,https://static.zara.net/stdstatic/7.12.1/images/transparent-background.png,True
472413704,SURCHEMISE REGULAR FIT FERMETURE ÉCLAIR,"SURCHEMISE REGULAR FIT FERMETURE ÉCLAIR

+2

$ 129,00",Vêtements,Chemises,129.0,CAD,"$ 129,00",https://www.zara.com/ca/fr/surchemise-regular-fit-fermeture-eclair-p06861959.html,https://static.zara.net/stdstatic/7.12.1/images/transparent-background.png,True
454932859,PANTALON DENIM WIDE FIT CROPPED,"PANTALON DENIM WIDE FIT CROPPED
$ 129,00",Vêtements,Pantalons,129.0,CAD,"$ 129,00",https://www.zara.com/ca/fr/pantalon-denim-wide-fit-cropped-p00840487.html,https://static.zara.net/stdstatic/7.12.1/images/transparent-background.png,True
470109952,VESTE BOXY FIT STRUCTURÉE,"VESTE BOXY FIT STRUCTURÉE
$ 129,00",Vêtements,Vestes et Manteaux,129.0,CAD,"$ 129,00",https://www.zara.com/ca/fr/veste-boxy-fit-structuree-p04365386.html,https://static.zara.net/stdstatic/7.12.1/images/transparent-background.png,True
452708278,PULL REGULAR FIT BASIQUE,"PULL REGULAR FIT BASIQUE

+4

$ 59,90",Vêtements,Hauts,59.9,CAD,"$ 59,90",https://www.zara.com/ca/fr/pull-regular-fit-basique-p02621301.html,https://static.zara.net/stdstatic/7.12.1/images/transparent-background.png,True
453741878,SANDALES À BRIDES CROISÉES,"SANDALES À BRIDES CROISÉES
$ 59,90",Chaussures,Sandales,59.9,CAD,"$ 59,90",https://www.zara.com/ca/fr/sandales-a-brides-croisees-p12702520.html,https://static.zara.net/stdstatic/7.12.1/images/transparent-background.png,True
452748209,BASKETS BASIQUES,"BASKETS BASIQUES

+1

$ 59,90",Chaussures,Baskets,59.9,CAD,"$ 59,90",https://www.zara.com/ca/fr/baskets-basiques-p12200520.html,https://static.zara.net/stdstatic/7.12.1/images/transparent-background.png,True
